#  Timestep    No_Moles    No_Specs         H10         C10         O10
          0           3           3           1           1           1
#  Timestep    No_Moles    No_Specs          H2         C10          O2           O
        100          13           4           5           1           3           4
#  Timestep    No_Moles    No_Specs          H2         C10          O2           O
        200          13           4           5           1           3           4
#  Timestep    No_Moles    No_Specs          H2         C10          O2           O
        300          13           4           5           1           3           4
#  Timestep    No_Moles    No_Specs          H2         C10          O2           O
        400          13           4           5           1           3           4
#  Timestep    No_Moles    No_Specs          H2         C10          O2           O
        500          13           4           5           1           3           4
#  Timestep    No_Moles    No_Specs          H2         C10          O2           O
        600          13           4           5           1           3           4
#  Timestep    No_Moles    No_Specs          H2         C10          O2           O
        700          13           4           5           1           3           4
#  Timestep    No_Moles    No_Specs          H2         C10          O2           O
        800          13           4           5           1           3           4
#  Timestep    No_Moles    No_Specs          H2         C10          O2           O
        900          13           4           5           1           3           4
#  Timestep    No_Moles    No_Specs          H2         C10          O2           O
       1000          13           4           5           1           3           4
#  Timestep    No_Moles    No_Specs          H2         C10          O2           O
       1100          13           4           5           1           3           4
#  Timestep    No_Moles    No_Specs          H2         C10          O2           O
       1200          13           4           5           1           3           4
#  Timestep    No_Moles    No_Specs          H2         C10          O2           O
       1300          13           4           5           1           3           4
#  Timestep    No_Moles    No_Specs          H2         C10          O2           O
       1400          13           4           5           1           3           4
#  Timestep    No_Moles    No_Specs          H2         C10          O2           O
       1500          13           4           5           1           3           4
#  Timestep    No_Moles    No_Specs          H2         C10          O2           O
       1600          13           4           5           1           3           4
#  Timestep    No_Moles    No_Specs          H2         C10          O2           O
       1700          13           4           5           1           3           4
#  Timestep    No_Moles    No_Specs          H2         C10          O2           O
       1800          13           4           5           1           3           4
#  Timestep    No_Moles    No_Specs          H2         C10          O2           O
       1900          13           4           5           1           3           4
#  Timestep    No_Moles    No_Specs          H2         C10          O2           O
       2000          13           4           5           1           3           4
#  Timestep    No_Moles    No_Specs          H2         C10          O2           O
       2100          13           4           5           1           3           4
#  Timestep    No_Moles    No_Specs          H2         C10          O2           O
       2200          13           4           5           1           3           4
#  Timestep    No_Moles    No_Specs          H2         C10          O2           O
       2300          13           4           5           1           3           4
#  Timestep    No_Moles    No_Specs          H2         C10          O2           O
       2400          13           4           5           1           3           4
#  Timestep    No_Moles    No_Specs          H2         C10          O2           O
       2500          13           4           5           1           3           4
#  Timestep    No_Moles    No_Specs          H2         C10          O2           O
       2600          13           4           5           1           3           4
#  Timestep    No_Moles    No_Specs          H2         C10          O2           O
       2700          13           4           5           1           3           4
#  Timestep    No_Moles    No_Specs          H2         C10          O2           O
       2800          13           4           5           1           3           4
#  Timestep    No_Moles    No_Specs          H2         C10          O2           O
       2900          13           4           5           1           3           4
#  Timestep    No_Moles    No_Specs          H2         C10          O2           O
       3000          13           4           5           1           3           4
#  Timestep    No_Moles    No_Specs          H2         C10          O2           O
       3100          13           4           5           1           3           4
#  Timestep    No_Moles    No_Specs          H2         C10          O2           O
       3200          13           4           5           1           3           4
#  Timestep    No_Moles    No_Specs          H2         C10          O2           O
       3300          13           4           5           1           3           4
#  Timestep    No_Moles    No_Specs          H2         C10          O2           O
       3400          13           4           5           1           3           4
#  Timestep    No_Moles    No_Specs          H2         C10          O2           O
       3500          13           4           5           1           3           4
#  Timestep    No_Moles    No_Specs          H2         C10          O2           O
       3600          13           4           5           1           3           4
#  Timestep    No_Moles    No_Specs          H2         C10          O2           O
       3700          13           4           5           1           3           4
#  Timestep    No_Moles    No_Specs          H2         C10          O2           O
       3800          13           4           5           1           3           4
#  Timestep    No_Moles    No_Specs          H2         C10          O2           O
       3900          13           4           5           1           3           4
#  Timestep    No_Moles    No_Specs          H2         C10          O2           O
       4000          13           4           5           1           3           4
#  Timestep    No_Moles    No_Specs          H2         C10          O2           O
       4100          13           4           5           1           3           4
#  Timestep    No_Moles    No_Specs          H2         C10          O2           O
       4200          13           4           5           1           3           4
#  Timestep    No_Moles    No_Specs          H2         C10          O2           O
       4300          13           4           5           1           3           4
#  Timestep    No_Moles    No_Specs          H2         C10          O2           O
       4400          13           4           5           1           3           4
#  Timestep    No_Moles    No_Specs          H2         C10          O2           O
       4500          13           4           5           1           3           4
#  Timestep    No_Moles    No_Specs          H2         C10          O2           O
       4600          13           4           5           1           3           4
#  Timestep    No_Moles    No_Specs          H2         C10          O2           O
       4700          13           4           5           1           3           4
#  Timestep    No_Moles    No_Specs          H2         C10          O2           O
       4800          13           4           5           1           3           4
#  Timestep    No_Moles    No_Specs          H2         C10          O2           O
       4900          13           4           5           1           3           4
#  Timestep    No_Moles    No_Specs          H2         C10          O2           O
       5000          13           4           5           1           3           4
#  Timestep    No_Moles    No_Specs          H2         C10          O2           O
       5100          13           4           5           1           3           4
#  Timestep    No_Moles    No_Specs          H2         C10          O2           O
       5200          13           4           5           1           3           4
#  Timestep    No_Moles    No_Specs          H2         C10          O2           O
       5300          13           4           5           1           3           4
#  Timestep    No_Moles    No_Specs          H2         C10          O2           O
       5400          13           4           5           1           3           4
#  Timestep    No_Moles    No_Specs          H2         C10          O2           O
       5500          13           4           5           1           3           4
#  Timestep    No_Moles    No_Specs          H2         C10          O2           O
       5600          13           4           5           1           3           4
#  Timestep    No_Moles    No_Specs          H2         C10          O2           O
       5700          13           4           5           1           3           4
#  Timestep    No_Moles    No_Specs          H2         C10          O2           O
       5800          13           4           5           1           3           4
#  Timestep    No_Moles    No_Specs          H2         C10          O2           O
       5900          13           4           5           1           3           4
#  Timestep    No_Moles    No_Specs          H2         C10          O2           O
       6000          13           4           5           1           3           4
#  Timestep    No_Moles    No_Specs          H2         C10          O2           O
       6100          13           4           5           1           3           4
#  Timestep    No_Moles    No_Specs          H2         C10          O2           O
       6200          13           4           5           1           3           4
#  Timestep    No_Moles    No_Specs          H2         C10          O2           O
       6300          13           4           5           1           3           4
#  Timestep    No_Moles    No_Specs          H2         C10          O2           O
       6400          13           4           5           1           3           4
#  Timestep    No_Moles    No_Specs          H2         C10          O2           O
       6500          13           4           5           1           3           4
#  Timestep    No_Moles    No_Specs          H2         C10          O2           O
       6600          13           4           5           1           3           4
#  Timestep    No_Moles    No_Specs          H2         C10          O2           O
       6700          13           4           5           1           3           4
#  Timestep    No_Moles    No_Specs          H2         C10          O2           O
       6800          13           4           5           1           3           4
#  Timestep    No_Moles    No_Specs          H2         C10          O2           O
       6900          13           4           5           1           3           4
#  Timestep    No_Moles    No_Specs          H2         C10          O2           O
       7000          13           4           5           1           3           4
#  Timestep    No_Moles    No_Specs          H2         C10          O2           O
       7100          13           4           5           1           3           4
#  Timestep    No_Moles    No_Specs          H2         C10          O2           O
       7200          13           4           5           1           3           4
#  Timestep    No_Moles    No_Specs          H2         C10          O2           O
       7300          13           4           5           1           3           4
#  Timestep    No_Moles    No_Specs          H2         C10          O2           O
       7400          13           4           5           1           3           4
#  Timestep    No_Moles    No_Specs          H2         C10          O2           O
       7500          13           4           5           1           3           4
#  Timestep    No_Moles    No_Specs          H2         C10          O2           O
       7600          13           4           5           1           3           4
#  Timestep    No_Moles    No_Specs          H2         C10          O2           O
       7700          13           4           5           1           3           4
#  Timestep    No_Moles    No_Specs          H2         C10          O2           O
       7800          13           4           5           1           3           4
#  Timestep    No_Moles    No_Specs          H2         C10          O2           O
       7900          13           4           5           1           3           4
#  Timestep    No_Moles    No_Specs          H2         C10          O2           O
       8000          13           4           5           1           3           4
#  Timestep    No_Moles    No_Specs          H2         C10          O2           O
       8100          13           4           5           1           3           4
#  Timestep    No_Moles    No_Specs          H2         C10          O2           O
       8200          13           4           5           1           3           4
#  Timestep    No_Moles    No_Specs          H2         C10          O2           O
       8300          13           4           5           1           3           4
#  Timestep    No_Moles    No_Specs          H2         C10          O2           O
       8400          13           4           5           1           3           4
#  Timestep    No_Moles    No_Specs          H2         C10          O2           O
       8500          13           4           5           1           3           4
#  Timestep    No_Moles    No_Specs          H2         C10          O2           O
       8600          13           4           5           1           3           4
#  Timestep    No_Moles    No_Specs          H2         C10          O2           O
       8700          13           4           5           1           3           4
#  Timestep    No_Moles    No_Specs          H2         C10          O2           O
       8800          13           4           5           1           3           4
#  Timestep    No_Moles    No_Specs          H2         C10          O2           O
       8900          13           4           5           1           3           4
#  Timestep    No_Moles    No_Specs          H2         C10          O2           O
       9000          13           4           5           1           3           4
#  Timestep    No_Moles    No_Specs          H2         C10          O2           O
       9100          13           4           5           1           3           4
#  Timestep    No_Moles    No_Specs          H2         C10          O2           O
       9200          13           4           5           1           3           4
#  Timestep    No_Moles    No_Specs          H2         C10          O2           O
       9300          13           4           5           1           3           4
#  Timestep    No_Moles    No_Specs          H2         C10          O2           O
       9400          13           4           5           1           3           4
#  Timestep    No_Moles    No_Specs          H2         C10          O2           O
       9500          13           4           5           1           3           4
#  Timestep    No_Moles    No_Specs          H2         C10          O2           O
       9600          13           4           5           1           3           4
#  Timestep    No_Moles    No_Specs          H2         C10          O2           O
       9700          13           4           5           1           3           4
#  Timestep    No_Moles    No_Specs          H2         C10          O2           O
       9800          13           4           5           1           3           4
#  Timestep    No_Moles    No_Specs          H2         C10          O2           O
       9900          13           4           5           1           3           4
#  Timestep    No_Moles    No_Specs          H2         C10          O2           O
      10000          13           4           5           1           3           4
#  Timestep    No_Moles    No_Specs          H2         C10          O2           O
      10100          13           4           5           1           3           4
#  Timestep    No_Moles    No_Specs          H2         C10          O2           O
      10200          13           4           5           1           3           4
#  Timestep    No_Moles    No_Specs          H2         C10          O2           O
      10300          13           4           5           1           3           4
#  Timestep    No_Moles    No_Specs          H2         C10          O2           O
      10400          13           4           5           1           3           4
#  Timestep    No_Moles    No_Specs          H2         C10          O2           O
      10500          13           4           5           1           3           4
#  Timestep    No_Moles    No_Specs          H2         C10          O2           O
      10600          13           4           5           1           3           4
#  Timestep    No_Moles    No_Specs          H2         C10          O2           O
      10700          13           4           5           1           3           4
#  Timestep    No_Moles    No_Specs          H2         C10          O2           O
      10800          13           4           5           1           3           4
#  Timestep    No_Moles    No_Specs          H2         C10          O2           O
      10900          13           4           5           1           3           4
#  Timestep    No_Moles    No_Specs          H2         C10          O2           O
      11000          13           4           5           1           3           4
#  Timestep    No_Moles    No_Specs          H2         C10          O2           O
      11100          13           4           5           1           3           4
#  Timestep    No_Moles    No_Specs          H2         C10          O2           O
      11200          13           4           5           1           3           4
#  Timestep    No_Moles    No_Specs          H2         C10          O2           O
      11300          13           4           5           1           3           4
#  Timestep    No_Moles    No_Specs          H2         C10          O2           O
      11400          13           4           5           1           3           4
#  Timestep    No_Moles    No_Specs          H2         C10          O2           O
      11500          13           4           5           1           3           4
#  Timestep    No_Moles    No_Specs          H2         C10          O2           O
      11600          13           4           5           1           3           4
#  Timestep    No_Moles    No_Specs          H2         C10          O2           O
      11700          13           4           5           1           3           4
#  Timestep    No_Moles    No_Specs          H2         C10          O2           O
      11800          13           4           5           1           3           4
#  Timestep    No_Moles    No_Specs          H2         C10          O2           O
      11900          13           4           5           1           3           4
#  Timestep    No_Moles    No_Specs          H2         C10          O2           O
      12000          13           4           5           1           3           4
#  Timestep    No_Moles    No_Specs          H2         C10          O2           O
      12100          13           4           5           1           3           4
#  Timestep    No_Moles    No_Specs          H2         C10          O2           O
      12200          13           4           5           1           3           4
#  Timestep    No_Moles    No_Specs          H2         C10          O2           O
      12300          13           4           5           1           3           4
#  Timestep    No_Moles    No_Specs          H2         C10          O2           O
      12400          13           4           5           1           3           4
#  Timestep    No_Moles    No_Specs          H2         C10          O2           O
      12500          13           4           5           1           3           4
#  Timestep    No_Moles    No_Specs          H2         C10          O2           O
      12600          13           4           5           1           3           4
#  Timestep    No_Moles    No_Specs          H2         C10          O2           O
      12700          13           4           5           1           3           4
#  Timestep    No_Moles    No_Specs          H2       C10O2           O          O2
      12800          12           4           5           1           4           2
#  Timestep    No_Moles    No_Specs          H2       C10O2           O          O2
      12900          12           4           5           1           4           2
#  Timestep    No_Moles    No_Specs          H2       C10O2           O          O2
      13000          12           4           5           1           4           2
#  Timestep    No_Moles    No_Specs          H2       C10O2           O          O2
      13100          12           4           5           1           4           2
#  Timestep    No_Moles    No_Specs          H2       C10O2           O          O2
      13200          12           4           5           1           4           2
#  Timestep    No_Moles    No_Specs          H2       C10O2           O          O2
      13300          12           4           5           1           4           2
#  Timestep    No_Moles    No_Specs          H2       C10O2           O          O2
      13400          12           4           5           1           4           2
#  Timestep    No_Moles    No_Specs          H2       C10O2           O          O2
      13500          12           4           5           1           4           2
#  Timestep    No_Moles    No_Specs          H2       C10O2           O          O2
      13600          12           4           5           1           4           2
#  Timestep    No_Moles    No_Specs          H2       C10O2           O          O2
      13700          12           4           5           1           4           2
#  Timestep    No_Moles    No_Specs          H2       C10O2           O          O2
      13800          12           4           5           1           4           2
#  Timestep    No_Moles    No_Specs          H2       C10O2           O          O2
      13900          12           4           5           1           4           2
#  Timestep    No_Moles    No_Specs          H2       C10O2           O          O2
      14000          12           4           5           1           4           2
#  Timestep    No_Moles    No_Specs          H2       C10O2           O          O2
      14100          12           4           5           1           4           2
#  Timestep    No_Moles    No_Specs          H2       C10O2           O          O2
      14200          12           4           5           1           4           2
#  Timestep    No_Moles    No_Specs          H2       C10O2           O          O2
      14300          12           4           5           1           4           2
#  Timestep    No_Moles    No_Specs          H2       C10O2           O          O2
      14400          12           4           5           1           4           2
#  Timestep    No_Moles    No_Specs          H2       C10O2           O          O2
      14500          12           4           5           1           4           2
#  Timestep    No_Moles    No_Specs          H2       C10O2           O          O2
      14600          12           4           5           1           4           2
#  Timestep    No_Moles    No_Specs          H2       C10O2           O          O2
      14700          12           4           5           1           4           2
#  Timestep    No_Moles    No_Specs          H2       C10O2           O          O2
      14800          12           4           5           1           4           2
#  Timestep    No_Moles    No_Specs          H2       C10O2           O          O2
      14900          12           4           5           1           4           2
#  Timestep    No_Moles    No_Specs          H2       C10O2           O          O2
      15000          12           4           5           1           4           2
#  Timestep    No_Moles    No_Specs          H2       C10O2           O          O2
      15100          12           4           5           1           4           2
#  Timestep    No_Moles    No_Specs          H2       C10O2           O          O2
      15200          12           4           5           1           4           2
#  Timestep    No_Moles    No_Specs          H2       C10O2           O          O2
      15300          12           4           5           1           4           2
#  Timestep    No_Moles    No_Specs          H2       C10O2           O          O2
      15400          12           4           5           1           4           2
#  Timestep    No_Moles    No_Specs          H2       C10O2           O          O2
      15500          12           4           5           1           4           2
#  Timestep    No_Moles    No_Specs          H2       C10O2           O          O2
      15600          12           4           5           1           4           2
#  Timestep    No_Moles    No_Specs          H2       C10O2           O          O2
      15700          12           4           5           1           4           2
#  Timestep    No_Moles    No_Specs          H2       C10O2           O          O2
      15800          12           4           5           1           4           2
#  Timestep    No_Moles    No_Specs          H2         H2O       C10O2           O          O2
      15900          11           5           4           1           1           3           2
#  Timestep    No_Moles    No_Specs          H2         H2O       C10O2           O          O2
      16000          11           5           4           1           1           3           2
#  Timestep    No_Moles    No_Specs          H2         H2O       C10O2           O          O2
      16100          11           5           4           1           1           3           2
#  Timestep    No_Moles    No_Specs          H2         H2O       C10O2           O          O2
      16200          11           5           4           1           1           3           2
#  Timestep    No_Moles    No_Specs          H2         H2O       C10O2           O          O2
      16300          11           5           4           1           1           3           2
#  Timestep    No_Moles    No_Specs          H2         H2O       C10O2           O          O2
      16400          11           5           4           1           1           3           2
#  Timestep    No_Moles    No_Specs          H2         H2O       C10O2           O          O2
      16500          11           5           4           1           1           3           2
#  Timestep    No_Moles    No_Specs          H2         H2O       C10O2           O          O2
      16600          11           5           4           1           1           3           2
#  Timestep    No_Moles    No_Specs          H2         H2O       C10O2           O          O2
      16700          11           5           4           1           1           3           2
#  Timestep    No_Moles    No_Specs          H2         H2O       C10O2           O          O2
      16800          11           5           4           1           1           3           2
#  Timestep    No_Moles    No_Specs          H2         H2O       C10O2           O          O2
      16900          11           5           4           1           1           3           2
#  Timestep    No_Moles    No_Specs          H2         H2O       C10O2           O          O2
      17000          11           5           4           1           1           3           2
#  Timestep    No_Moles    No_Specs          H2         H2O       C10O2           O          O2
      17100          11           5           4           1           1           3           2
#  Timestep    No_Moles    No_Specs          H2         H2O       C10O2           O          O2
      17200          11           5           4           1           1           3           2
#  Timestep    No_Moles    No_Specs          H2         H2O       C10O2           O          O2
      17300          11           5           4           1           1           3           2
#  Timestep    No_Moles    No_Specs          H2         H2O       C10O2           O          O2
      17400          11           5           4           1           1           3           2
#  Timestep    No_Moles    No_Specs          H2         H2O       C10O2           O          O2
      17500          11           5           4           1           1           3           2
#  Timestep    No_Moles    No_Specs          H2         H2O       C10O2           O          O2
      17600          11           5           4           1           1           3           2
#  Timestep    No_Moles    No_Specs          H2         H2O       C10O2           O          O2
      17700          11           5           4           1           1           3           2
#  Timestep    No_Moles    No_Specs          H2         H2O       C10O2           O          O2
      17800          11           5           4           1           1           3           2
#  Timestep    No_Moles    No_Specs          H2         H2O       C10O2           O          O2
      17900          11           5           4           1           1           3           2
#  Timestep    No_Moles    No_Specs          H2         H2O       C10O2           O          O2
      18000          11           5           4           1           1           3           2
#  Timestep    No_Moles    No_Specs          H2         H2O       C10O2           O          O2
      18100          11           5           4           1           1           3           2
#  Timestep    No_Moles    No_Specs          H2         H2O       C10O2           O          O2
      18200          11           5           4           1           1           3           2
#  Timestep    No_Moles    No_Specs          H2         H2O       C10O2           O          O2
      18300          11           5           4           1           1           3           2
#  Timestep    No_Moles    No_Specs          H2         H2O       C10O2           O          O2
      18400          11           5           4           1           1           3           2
#  Timestep    No_Moles    No_Specs          H2         H2O       C10O2           O          O2
      18500          11           5           4           1           1           3           2
#  Timestep    No_Moles    No_Specs          H2         H2O       C10O2           O          O2
      18600          11           5           4           1           1           3           2
#  Timestep    No_Moles    No_Specs          H2         H2O       C10O2           O          O2
      18700          11           5           4           1           1           3           2
#  Timestep    No_Moles    No_Specs          H2          HO       C10O2           O          O2
      18800          11           5           4           2           1           2           2
#  Timestep    No_Moles    No_Specs          H2        H2O2       C10O2           O          O2
      18900          10           5           4           1           1           2           2
#  Timestep    No_Moles    No_Specs          H2        H2O2       C10O2           O          O2
      19000          10           5           4           1           1           2           2
#  Timestep    No_Moles    No_Specs          H2          HO       C10O2           O          O2
      19100          11           5           4           2           1           2           2
#  Timestep    No_Moles    No_Specs          H2          HO       C10O2           O          O2
      19200          11           5           4           2           1           2           2
#  Timestep    No_Moles    No_Specs          H2          HO       C10O2           O          O2
      19300          11           5           4           2           1           2           2
#  Timestep    No_Moles    No_Specs          H2          HO       C10O2           O          O2
      19400          11           5           4           2           1           2           2
#  Timestep    No_Moles    No_Specs          H2          HO       C10O2           O          O2
      19500          11           5           4           2           1           2           2
#  Timestep    No_Moles    No_Specs          H2          HO       C10O2           O          O2
      19600          11           5           4           2           1           2           2
#  Timestep    No_Moles    No_Specs          H2          HO       C10O2           O          O2
      19700          11           5           4           2           1           2           2
#  Timestep    No_Moles    No_Specs          H2      C10HO3          HO           O          O2
      19800          10           5           4           1           1           2           2
#  Timestep    No_Moles    No_Specs          H2      C10HO3          HO           O          O2
      19900          10           5           4           1           1           2           2
#  Timestep    No_Moles    No_Specs          H2      C10HO3          HO           O          O2
      20000          10           5           4           1           1           2           2
#  Timestep    No_Moles    No_Specs          H2      C10HO3          HO           O          O2
      20100          10           5           4           1           1           2           2
#  Timestep    No_Moles    No_Specs          H2      C10HO3          HO           O          O2
      20200          10           5           4           1           1           2           2
#  Timestep    No_Moles    No_Specs          H2      C10HO3          HO           O          O2
      20300          10           5           4           1           1           2           2
#  Timestep    No_Moles    No_Specs          H2      C10HO3          HO           O          O2
      20400          10           5           4           1           1           2           2
#  Timestep    No_Moles    No_Specs          H2      C10HO3          HO           O          O2
      20500          10           5           4           1           1           2           2
#  Timestep    No_Moles    No_Specs          H2      C10HO3          HO           O          O2
      20600          10           5           4           1           1           2           2
#  Timestep    No_Moles    No_Specs          H2      C10HO3          HO           O          O2
      20700          10           5           4           1           1           2           2
#  Timestep    No_Moles    No_Specs          H2      C10HO3          HO           O          O2
      20800          10           5           4           1           1           2           2
#  Timestep    No_Moles    No_Specs          H2      C10HO3          HO           O          O2
      20900          10           5           4           1           1           2           2
#  Timestep    No_Moles    No_Specs          H2      C10HO3          HO           O          O2
      21000          10           5           4           1           1           2           2
#  Timestep    No_Moles    No_Specs          H2      C10HO3          HO           O          O2
      21100          10           5           4           1           1           2           2
#  Timestep    No_Moles    No_Specs          H2      C10HO3          HO           O          O2
      21200          10           5           4           1           1           2           2
#  Timestep    No_Moles    No_Specs          H2      C10HO3          HO           O          O2
      21300          10           5           4           1           1           2           2
#  Timestep    No_Moles    No_Specs          H2      C10HO3          HO           O          O2
      21400          10           5           4           1           1           2           2
#  Timestep    No_Moles    No_Specs          H2      C10HO3          HO           O          O2
      21500          10           5           4           1           1           2           2
#  Timestep    No_Moles    No_Specs          H2      C10HO3          HO           O          O2
      21600          10           5           4           1           1           2           2
#  Timestep    No_Moles    No_Specs          H2      C10HO3          HO           O          O2
      21700          10           5           4           1           1           2           2
#  Timestep    No_Moles    No_Specs          H2      C10HO3          HO           O          O2
      21800          10           5           4           1           1           2           2
#  Timestep    No_Moles    No_Specs          H2      C10HO3          HO           O          O2
      21900          10           5           4           1           1           2           2
#  Timestep    No_Moles    No_Specs          H2      C10HO3          HO           O          O2
      22000          10           5           4           1           1           2           2
#  Timestep    No_Moles    No_Specs          H2      C10HO3          HO           O          O2
      22100          10           5           4           1           1           2           2
#  Timestep    No_Moles    No_Specs          H2      C10HO3          HO           O          O2
      22200          10           5           4           1           1           2           2
#  Timestep    No_Moles    No_Specs          H2      C10HO3          HO           O          O2
      22300          10           5           4           1           1           2           2
#  Timestep    No_Moles    No_Specs          H2      C10HO3          HO           O          O2
      22400          10           5           4           1           1           2           2
#  Timestep    No_Moles    No_Specs          H2      C10HO3          HO           O          O2
      22500          10           5           4           1           1           2           2
#  Timestep    No_Moles    No_Specs          H2      C10HO3          HO           O          O2
      22600          10           5           4           1           1           2           2
#  Timestep    No_Moles    No_Specs          H2      C10HO3          HO           O          O2
      22700          10           5           4           1           1           2           2
#  Timestep    No_Moles    No_Specs          H2      C10HO3          HO           O          O2
      22800          10           5           4           1           1           2           2
#  Timestep    No_Moles    No_Specs          H2      C10HO3          HO           O          O2
      22900          10           5           4           1           1           2           2
#  Timestep    No_Moles    No_Specs          H2      C10HO3          HO           O          O2
      23000          10           5           4           1           1           2           2
#  Timestep    No_Moles    No_Specs          H2      C10HO3          HO           O          O2
      23100          10           5           4           1           1           2           2
#  Timestep    No_Moles    No_Specs          H2      C10HO3          HO           O          O2
      23200          10           5           4           1           1           2           2
#  Timestep    No_Moles    No_Specs          H2      C10HO3          HO           O          O2
      23300          10           5           4           1           1           2           2
#  Timestep    No_Moles    No_Specs          H2      C10HO3          HO           O          O2
      23400          10           5           4           1           1           2           2
#  Timestep    No_Moles    No_Specs          H2      C10HO2          HO           O          O2
      23500          11           5           4           1           1           3           2
#  Timestep    No_Moles    No_Specs          H2      C10HO2          HO           O          O2
      23600          11           5           4           1           1           3           2
#  Timestep    No_Moles    No_Specs          H2      C10HO2          HO           O          O2
      23700          11           5           4           1           1           3           2
#  Timestep    No_Moles    No_Specs          H2      C10HO2          HO           O          O2
      23800          11           5           4           1           1           3           2
#  Timestep    No_Moles    No_Specs          H2      C10HO2          HO           O          O2
      23900          11           5           4           1           1           3           2
#  Timestep    No_Moles    No_Specs          H2      C10HO2          HO           O          O2
      24000          11           5           4           1           1           3           2
#  Timestep    No_Moles    No_Specs          H2      C10HO2          HO           O          O2
      24100          11           5           4           1           1           3           2
#  Timestep    No_Moles    No_Specs          H2      C10HO2          HO           O          O2
      24200          11           5           4           1           1           3           2
#  Timestep    No_Moles    No_Specs          H2      C10HO2          HO           O          O2
      24300          11           5           4           1           1           3           2
#  Timestep    No_Moles    No_Specs          H2      C10HO2          HO           O          O2
      24400          11           5           4           1           1           3           2
#  Timestep    No_Moles    No_Specs          H2      C10HO2          HO           O          O2
      24500          11           5           4           1           1           3           2
#  Timestep    No_Moles    No_Specs          H2      C10HO2          HO           O          O2
      24600          11           5           4           1           1           3           2
#  Timestep    No_Moles    No_Specs          H2      C10HO2          HO           O          O2
      24700          11           5           4           1           1           3           2
#  Timestep    No_Moles    No_Specs          H2      C10HO2          HO           O          O2
      24800          11           5           4           1           1           3           2
#  Timestep    No_Moles    No_Specs          H2      C10HO2          HO           O          O2
      24900          11           5           4           1           1           3           2
#  Timestep    No_Moles    No_Specs          H2      C10HO2          HO           O          O2
      25000          11           5           4           1           1           3           2
#  Timestep    No_Moles    No_Specs          H2      C10HO2          HO           O          O2
      25100          11           5           4           1           1           3           2
#  Timestep    No_Moles    No_Specs          H2      C10HO2          HO           O          O2
      25200          11           5           4           1           1           3           2
#  Timestep    No_Moles    No_Specs          H2      C10HO2          HO           O          O2
      25300          11           5           4           1           1           3           2
#  Timestep    No_Moles    No_Specs          H2      C10HO2          HO           O          O2
      25400          11           5           4           1           1           3           2
#  Timestep    No_Moles    No_Specs          H2      C10HO2          HO           O          O2
      25500          11           5           4           1           1           3           2
#  Timestep    No_Moles    No_Specs          H2      C10HO2          HO           O          O2
      25600          11           5           4           1           1           3           2
#  Timestep    No_Moles    No_Specs          H2      C10HO2          HO           O          O2
      25700          11           5           4           1           1           3           2
#  Timestep    No_Moles    No_Specs          H2      C10HO2          HO           O          O2
      25800          11           5           4           1           1           3           2
#  Timestep    No_Moles    No_Specs          H2      C10HO2          HO           O          O2
      25900          11           5           4           1           1           3           2
#  Timestep    No_Moles    No_Specs          H2      C10HO2          HO           O          O2
      26000          11           5           4           1           1           3           2
#  Timestep    No_Moles    No_Specs          H2      C10HO2          HO           O          O2
      26100          11           5           4           1           1           3           2
#  Timestep    No_Moles    No_Specs          H2      C10HO2          HO           O          O2
      26200          11           5           4           1           1           3           2
#  Timestep    No_Moles    No_Specs          H2      C10HO2          HO           O          O2
      26300          11           5           4           1           1           3           2
#  Timestep    No_Moles    No_Specs          H2      C10HO2          HO           O          O2
      26400          11           5           4           1           1           3           2
#  Timestep    No_Moles    No_Specs          H2      C10HO2          HO           O          O2
      26500          11           5           4           1           1           3           2
#  Timestep    No_Moles    No_Specs          H2      C10HO2          HO           O          O2
      26600          11           5           4           1           1           3           2
#  Timestep    No_Moles    No_Specs          H2      C10HO2          HO           O          O2
      26700          11           5           4           1           1           3           2
#  Timestep    No_Moles    No_Specs          H2      C10HO2          HO           O          O2
      26800          11           5           4           1           1           3           2
#  Timestep    No_Moles    No_Specs          H2      C10HO2          HO           O          O2
      26900          11           5           4           1           1           3           2
#  Timestep    No_Moles    No_Specs          H2      C10HO2          HO           O          O2
      27000          11           5           4           1           1           3           2
#  Timestep    No_Moles    No_Specs          H2      C10HO2          HO           O          O2
      27100          11           5           4           1           1           3           2
#  Timestep    No_Moles    No_Specs          H2      C10HO2          HO           O          O2
      27200          11           5           4           1           1           3           2
#  Timestep    No_Moles    No_Specs          H2      C10HO2          HO           O          O2
      27300          11           5           4           1           1           3           2
#  Timestep    No_Moles    No_Specs          H2      C10HO2          HO           O          O2
      27400          11           5           4           1           1           3           2
#  Timestep    No_Moles    No_Specs          H2      C10HO2          HO           O          O2
      27500          11           5           4           1           1           3           2
#  Timestep    No_Moles    No_Specs          H2      C10HO2          HO           O          O2
      27600          11           5           4           1           1           3           2
#  Timestep    No_Moles    No_Specs          H2      C10HO2          HO           O          O2
      27700          11           5           4           1           1           3           2
#  Timestep    No_Moles    No_Specs          H2      C10HO2          HO           O          O2
      27800          11           5           4           1           1           3           2
#  Timestep    No_Moles    No_Specs          H2      C10HO2          HO           O          O2
      27900          11           5           4           1           1           3           2
#  Timestep    No_Moles    No_Specs          H2      C10HO2          HO           O          O2
      28000          11           5           4           1           1           3           2
#  Timestep    No_Moles    No_Specs          H2      C10HO2          HO           O          O2
      28100          11           5           4           1           1           3           2
#  Timestep    No_Moles    No_Specs          H2      C10HO2          HO           O          O2
      28200          11           5           4           1           1           3           2
#  Timestep    No_Moles    No_Specs          H2      C10HO2          HO           O          O2
      28300          11           5           4           1           1           3           2
#  Timestep    No_Moles    No_Specs          H2      C10HO2          HO           O          O2
      28400          11           5           4           1           1           3           2
#  Timestep    No_Moles    No_Specs          H2      C10HO2          HO           O          O2
      28500          11           5           4           1           1           3           2
#  Timestep    No_Moles    No_Specs          H2      C10HO2          HO           O          O2
      28600          11           5           4           1           1           3           2
#  Timestep    No_Moles    No_Specs          H2      C10HO2          HO           O          O2
      28700          11           5           4           1           1           3           2
#  Timestep    No_Moles    No_Specs          H2      C10HO2          HO           O          O2
      28800          11           5           4           1           1           3           2
#  Timestep    No_Moles    No_Specs          H2      C10HO2          HO           O          O2
      28900          11           5           4           1           1           3           2
#  Timestep    No_Moles    No_Specs          H2      C10HO2          HO           O          O2
      29000          11           5           4           1           1           3           2
#  Timestep    No_Moles    No_Specs          H2      C10HO2          HO           O          O2
      29100          11           5           4           1           1           3           2
#  Timestep    No_Moles    No_Specs          H2      C10HO2          HO           O          O2
      29200          11           5           4           1           1           3           2
#  Timestep    No_Moles    No_Specs          H2      C10HO2          HO           O          O2
      29300          11           5           4           1           1           3           2
#  Timestep    No_Moles    No_Specs          H2      C10HO2          HO           O          O2
      29400          11           5           4           1           1           3           2
#  Timestep    No_Moles    No_Specs          H2      C10HO2          HO           O          O2
      29500          11           5           4           1           1           3           2
#  Timestep    No_Moles    No_Specs          H2      C10HO2          HO           O          O2
      29600          11           5           4           1           1           3           2
#  Timestep    No_Moles    No_Specs          H2      C10HO2          HO           O          O2
      29700          11           5           4           1           1           3           2
#  Timestep    No_Moles    No_Specs          H2      C10HO2          HO           O          O2
      29800          11           5           4           1           1           3           2
#  Timestep    No_Moles    No_Specs          H2      C10HO2          HO           O          O2
      29900          11           5           4           1           1           3           2
#  Timestep    No_Moles    No_Specs          H2      C10HO2          HO           O          O2
      30000          11           5           4           1           1           3           2
#  Timestep    No_Moles    No_Specs          H2      C10HO2          HO           O          O2
      30100          11           5           4           1           1           3           2
#  Timestep    No_Moles    No_Specs          H2      C10HO2          HO           O          O2
      30200          11           5           4           1           1           3           2
#  Timestep    No_Moles    No_Specs          H2      C10HO2          HO           O          O2
      30300          11           5           4           1           1           3           2
#  Timestep    No_Moles    No_Specs          H2      C10HO2          HO           O          O2
      30400          11           5           4           1           1           3           2
#  Timestep    No_Moles    No_Specs          H2      C10HO2          HO           O          O2
      30500          11           5           4           1           1           3           2
#  Timestep    No_Moles    No_Specs          H2      C10HO2          HO           O          O2
      30600          11           5           4           1           1           3           2
#  Timestep    No_Moles    No_Specs          H2      C10HO2          HO           O          O2
      30700          11           5           4           1           1           3           2
#  Timestep    No_Moles    No_Specs          H2      C10HO2          HO           O          O2
      30800          11           5           4           1           1           3           2
#  Timestep    No_Moles    No_Specs          H2      C10HO2          HO           O          O2
      30900          11           5           4           1           1           3           2
#  Timestep    No_Moles    No_Specs          H2      C10HO2          HO           O          O2
      31000          11           5           4           1           1           3           2
#  Timestep    No_Moles    No_Specs          H2      C10HO2          HO           O          O2
      31100          11           5           4           1           1           3           2
#  Timestep    No_Moles    No_Specs          H2      C10HO2          HO           O          O2
      31200          11           5           4           1           1           3           2
#  Timestep    No_Moles    No_Specs          H2      C10HO2          HO           O          O2
      31300          11           5           4           1           1           3           2
#  Timestep    No_Moles    No_Specs          H2      C10HO2          HO           O          O2
      31400          11           5           4           1           1           3           2
#  Timestep    No_Moles    No_Specs          H2      C10HO2          HO           O          O2
      31500          11           5           4           1           1           3           2
#  Timestep    No_Moles    No_Specs          H2      C10HO2          HO           O          O2
      31600          11           5           4           1           1           3           2
#  Timestep    No_Moles    No_Specs          H2      C10HO2          HO           O          O2
      31700          11           5           4           1           1           3           2
#  Timestep    No_Moles    No_Specs          H2      C10HO2          HO           O          O2
      31800          11           5           4           1           1           3           2
#  Timestep    No_Moles    No_Specs          H2      C10HO2          HO           O          O2
      31900          11           5           4           1           1           3           2
#  Timestep    No_Moles    No_Specs          H2      C10HO2          HO           O          O2
      32000          11           5           4           1           1           3           2
#  Timestep    No_Moles    No_Specs          H2      C10HO2          HO           O          O2
      32100          11           5           4           1           1           3           2
#  Timestep    No_Moles    No_Specs          H2      C10HO2          HO           O          O2
      32200          11           5           4           1           1           3           2
#  Timestep    No_Moles    No_Specs          H2      C10HO2          HO           O          O2
      32300          11           5           4           1           1           3           2
#  Timestep    No_Moles    No_Specs          H2      C10HO2          HO           O          O2
      32400          11           5           4           1           1           3           2
#  Timestep    No_Moles    No_Specs          H2      C10HO2          HO           O          O2
      32500          11           5           4           1           1           3           2
#  Timestep    No_Moles    No_Specs          H2      C10HO2          HO           O          O2
      32600          11           5           4           1           1           3           2
#  Timestep    No_Moles    No_Specs          H2      C10HO2          HO           O          O2
      32700          11           5           4           1           1           3           2
#  Timestep    No_Moles    No_Specs          H2      C10HO2          HO           O          O2
      32800          11           5           4           1           1           3           2
#  Timestep    No_Moles    No_Specs          H2      C10HO2          HO           O          O2
      32900          11           5           4           1           1           3           2
#  Timestep    No_Moles    No_Specs          H2      C10HO2          HO           O          O2
      33000          11           5           4           1           1           3           2
#  Timestep    No_Moles    No_Specs          H2      C10HO2          HO           O          O2
      33100          11           5           4           1           1           3           2
#  Timestep    No_Moles    No_Specs          H2      C10HO2          HO           O          O2
      33200          11           5           4           1           1           3           2
#  Timestep    No_Moles    No_Specs          H2      C10HO2          HO           O          O2
      33300          11           5           4           1           1           3           2
#  Timestep    No_Moles    No_Specs          H2      C10HO2          HO           O          O2
      33400          11           5           4           1           1           3           2
#  Timestep    No_Moles    No_Specs          H2      C10HO2          HO           O          O2
      33500          11           5           4           1           1           3           2
#  Timestep    No_Moles    No_Specs          H2         H2O      C10HO2          HO           O          O2
      33600          10           6           3           1           1           1           2           2
#  Timestep    No_Moles    No_Specs          H2         H2O      C10HO2          HO           O          O2
      33700          10           6           3           1           1           1           2           2
#  Timestep    No_Moles    No_Specs          H2         H2O      C10HO2          HO           O          O2
      33800          10           6           3           1           1           1           2           2
#  Timestep    No_Moles    No_Specs          H2         H2O      C10HO2          HO           O          O2
      33900          10           6           3           1           1           1           2           2
#  Timestep    No_Moles    No_Specs          H2         H2O      C10HO2          HO           O          O2
      34000          10           6           3           1           1           1           2           2
#  Timestep    No_Moles    No_Specs          H2         H2O      C10HO2          HO           O          O2
      34100          10           6           3           1           1           1           2           2
#  Timestep    No_Moles    No_Specs          H2         H2O      C10HO2          HO           O          O2
      34200          10           6           3           1           1           1           2           2
#  Timestep    No_Moles    No_Specs          H2         H2O      C10HO2          HO           O          O2
      34300          10           6           3           1           1           1           2           2
#  Timestep    No_Moles    No_Specs          H2         H2O      C10HO2          HO           O          O2
      34400          10           6           3           1           1           1           2           2
#  Timestep    No_Moles    No_Specs          H2        H2O2      C10HO2          HO          O2           O
      34500           9           6           3           1           1           1           2           1
#  Timestep    No_Moles    No_Specs          H2          HO      C10HO2          O2           O
      34600          10           5           3           3           1           2           1
#  Timestep    No_Moles    No_Specs          H2          HO      C10HO2          O2           O
      34700          10           5           3           3           1           2           1
#  Timestep    No_Moles    No_Specs          H2          HO      C10HO2          O2           O
      34800          10           5           3           3           1           2           1
#  Timestep    No_Moles    No_Specs          H2          HO      C10HO2          O2           O
      34900          10           5           3           3           1           2           1
#  Timestep    No_Moles    No_Specs          H2          HO      C10HO2          O2           O
      35000          10           5           3           3           1           2           1
#  Timestep    No_Moles    No_Specs          H2          HO      C10HO2          O2           O
      35100          10           5           3           3           1           2           1
#  Timestep    No_Moles    No_Specs          H2          HO      C10HO2          O2           O
      35200          10           5           3           3           1           2           1
#  Timestep    No_Moles    No_Specs          H2          HO      C10HO2          O2           O
      35300          10           5           3           3           1           2           1
#  Timestep    No_Moles    No_Specs          H2          HO      C10HO2          O2           O
      35400          10           5           3           3           1           2           1
#  Timestep    No_Moles    No_Specs          H2          HO      C10HO2          O2           O
      35500          10           5           3           3           1           2           1
#  Timestep    No_Moles    No_Specs          H2          HO      C10HO2          O2           O
      35600          10           5           3           3           1           2           1
#  Timestep    No_Moles    No_Specs          H2          HO      C10HO2          O2           O
      35700          10           5           3           3           1           2           1
#  Timestep    No_Moles    No_Specs          H2          HO      C10HO2          O2           O
      35800          10           5           3           3           1           2           1
#  Timestep    No_Moles    No_Specs          H2          HO      C10HO2          O2           O
      35900          10           5           3           3           1           2           1
#  Timestep    No_Moles    No_Specs          H2          HO      C10HO2          O2           O
      36000          10           5           3           3           1           2           1
#  Timestep    No_Moles    No_Specs          H2          HO      C10HO2          O2           O
      36100          10           5           3           3           1           2           1
#  Timestep    No_Moles    No_Specs          H2          HO      C10HO2          O2           O
      36200          10           5           3           3           1           2           1
#  Timestep    No_Moles    No_Specs          H2          HO      C10HO2          O2           O
      36300          10           5           3           3           1           2           1
#  Timestep    No_Moles    No_Specs          H2          HO      C10HO2          O2           O
      36400          10           5           3           3           1           2           1
#  Timestep    No_Moles    No_Specs          H2          HO      C10HO2          O2           O
      36500          10           5           3           3           1           2           1
#  Timestep    No_Moles    No_Specs          H2          HO      C10HO2          O2           O
      36600          10           5           3           3           1           2           1
#  Timestep    No_Moles    No_Specs          H2          HO      C10HO2          O2           O
      36700          10           5           3           3           1           2           1
#  Timestep    No_Moles    No_Specs          H2          HO      C10HO2          O2           O
      36800          10           5           3           3           1           2           1
#  Timestep    No_Moles    No_Specs          H2          HO      C10HO2          O2           O
      36900          10           5           3           3           1           2           1
#  Timestep    No_Moles    No_Specs          H2          HO      C10HO2          O2           O
      37000          10           5           3           3           1           2           1
#  Timestep    No_Moles    No_Specs          H2          HO      C10HO2          O2           O
      37100          10           5           3           3           1           2           1
#  Timestep    No_Moles    No_Specs          H2          HO      C10HO2          O2           O
      37200          10           5           3           3           1           2           1
#  Timestep    No_Moles    No_Specs          H2          HO      C10HO2          O2           O
      37300          10           5           3           3           1           2           1
#  Timestep    No_Moles    No_Specs          H2          HO      C10HO2          O2           O
      37400          10           5           3           3           1           2           1
#  Timestep    No_Moles    No_Specs          H2          HO      C10HO2          O2           O
      37500          10           5           3           3           1           2           1
#  Timestep    No_Moles    No_Specs          H2          HO      C10HO2          O2           O
      37600          10           5           3           3           1           2           1
#  Timestep    No_Moles    No_Specs          H2          HO      C10HO2          O2           O
      37700          10           5           3           3           1           2           1
#  Timestep    No_Moles    No_Specs          H2          HO      C10HO2          O2           O
      37800          10           5           3           3           1           2           1
#  Timestep    No_Moles    No_Specs          H2          HO      C10HO2          O2           O
      37900          10           5           3           3           1           2           1
#  Timestep    No_Moles    No_Specs          H2          HO      C10HO2          O2           O
      38000          10           5           3           3           1           2           1
#  Timestep    No_Moles    No_Specs          H2          HO      C10HO2          O2           O
      38100          10           5           3           3           1           2           1
#  Timestep    No_Moles    No_Specs          H2          HO      C10HO2          O2           O
      38200          10           5           3           3           1           2           1
#  Timestep    No_Moles    No_Specs          H2          HO      C10HO2          O2           O
      38300          10           5           3           3           1           2           1
#  Timestep    No_Moles    No_Specs          H2          HO      C10HO2          O2           O
      38400          10           5           3           3           1           2           1
#  Timestep    No_Moles    No_Specs          H2          HO      C10HO2          O2           O
      38500          10           5           3           3           1           2           1
#  Timestep    No_Moles    No_Specs          H2          HO      C10HO2          O2           O
      38600          10           5           3           3           1           2           1
#  Timestep    No_Moles    No_Specs          H2          HO      C10HO2          O2           O
      38700          10           5           3           3           1           2           1
#  Timestep    No_Moles    No_Specs          H2          HO      C10HO2          O2           O
      38800          10           5           3           3           1           2           1
#  Timestep    No_Moles    No_Specs          H2          HO      C10HO2          O2           O
      38900          10           5           3           3           1           2           1
#  Timestep    No_Moles    No_Specs          H2          HO      C10HO2          O2           O
      39000          10           5           3           3           1           2           1
#  Timestep    No_Moles    No_Specs          H2          HO      C10HO2          O2           O
      39100          10           5           3           3           1           2           1
#  Timestep    No_Moles    No_Specs          H2          HO      C10HO2          O2           O
      39200          10           5           3           3           1           2           1
#  Timestep    No_Moles    No_Specs          H2          HO      C10HO2          O2           O
      39300          10           5           3           3           1           2           1
#  Timestep    No_Moles    No_Specs          H2          HO      C10HO2          O2           O
      39400          10           5           3           3           1           2           1
#  Timestep    No_Moles    No_Specs          H2          HO      C10HO2          O2           O
      39500          10           5           3           3           1           2           1
#  Timestep    No_Moles    No_Specs          H2          HO      C10HO2          O2           O
      39600          10           5           3           3           1           2           1
#  Timestep    No_Moles    No_Specs          H2          HO      C10HO2          O2           O
      39700          10           5           3           3           1           2           1
#  Timestep    No_Moles    No_Specs          H2          HO      C10HO2          O2           O
      39800          10           5           3           3           1           2           1
#  Timestep    No_Moles    No_Specs          H2          HO      C10HO2          O2           O
      39900          10           5           3           3           1           2           1
#  Timestep    No_Moles    No_Specs          H2          HO      C10HO2          O2           O
      40000          10           5           3           3           1           2           1
#  Timestep    No_Moles    No_Specs          H2          HO      C10HO2          O2           O
      40100          10           5           3           3           1           2           1
#  Timestep    No_Moles    No_Specs          H2          HO      C10HO2          O2           O
      40200          10           5           3           3           1           2           1
#  Timestep    No_Moles    No_Specs          H2          HO      C10HO2          O2           O
      40300          10           5           3           3           1           2           1
#  Timestep    No_Moles    No_Specs          H2          HO      C10HO2          O2           O
      40400          10           5           3           3           1           2           1
#  Timestep    No_Moles    No_Specs          H2          HO      C10HO2          O2           O
      40500          10           5           3           3           1           2           1
#  Timestep    No_Moles    No_Specs          H2          HO      C10HO2          O2           O
      40600          10           5           3           3           1           2           1
#  Timestep    No_Moles    No_Specs          H2          HO      C10HO2          O2           O
      40700          10           5           3           3           1           2           1
#  Timestep    No_Moles    No_Specs          H2          HO      C10HO2          O2           O
      40800          10           5           3           3           1           2           1
#  Timestep    No_Moles    No_Specs          H2          HO      C10HO2          O2           O
      40900          10           5           3           3           1           2           1
#  Timestep    No_Moles    No_Specs          H2          HO      C10HO2          O2           O
      41000          10           5           3           3           1           2           1
#  Timestep    No_Moles    No_Specs          H2          HO      C10HO2          O2           O
      41100          10           5           3           3           1           2           1
#  Timestep    No_Moles    No_Specs          H2          HO      C10HO2          O2           O
      41200          10           5           3           3           1           2           1
#  Timestep    No_Moles    No_Specs          H2          HO      C10HO2          O2           O
      41300          10           5           3           3           1           2           1
#  Timestep    No_Moles    No_Specs          H2          HO      C10HO2          O2           O
      41400          10           5           3           3           1           2           1
#  Timestep    No_Moles    No_Specs          H2          HO      C10HO2          O2           O
      41500          10           5           3           3           1           2           1
#  Timestep    No_Moles    No_Specs          H2          HO      C10HO2          O2           O
      41600          10           5           3           3           1           2           1
#  Timestep    No_Moles    No_Specs          H2          HO      C10HO2          O2           O
      41700          10           5           3           3           1           2           1
#  Timestep    No_Moles    No_Specs          H2          HO      C10HO2          O2           O
      41800          10           5           3           3           1           2           1
#  Timestep    No_Moles    No_Specs          H2          HO      C10HO2          O2           O
      41900          10           5           3           3           1           2           1
#  Timestep    No_Moles    No_Specs          H2          HO      C10HO2          O2           O
      42000          10           5           3           3           1           2           1
#  Timestep    No_Moles    No_Specs          H2          HO      C10HO2          O2           O
      42100          10           5           3           3           1           2           1
#  Timestep    No_Moles    No_Specs          H2          HO      C10HO2          O2           O
      42200          10           5           3           3           1           2           1
#  Timestep    No_Moles    No_Specs          H2          HO      C10HO2          O2           O
      42300          10           5           3           3           1           2           1
#  Timestep    No_Moles    No_Specs          H2          HO      C10HO2          O2           O
      42400          10           5           3           3           1           2           1
#  Timestep    No_Moles    No_Specs          H2          HO      C10HO2          O2           O
      42500          10           5           3           3           1           2           1
#  Timestep    No_Moles    No_Specs          H2          HO      C10HO2          O2           O
      42600          10           5           3           3           1           2           1
#  Timestep    No_Moles    No_Specs          H2          HO      C10HO2          O2           O
      42700          10           5           3           3           1           2           1
#  Timestep    No_Moles    No_Specs          H2          HO      C10HO2          O2           O
      42800          10           5           3           3           1           2           1
#  Timestep    No_Moles    No_Specs          H2          HO      C10HO2          O2           O
      42900          10           5           3           3           1           2           1
#  Timestep    No_Moles    No_Specs          H2          HO      C10HO2          O2           O
      43000          10           5           3           3           1           2           1
#  Timestep    No_Moles    No_Specs          H2          HO      C10HO2          O2           O
      43100          10           5           3           3           1           2           1
#  Timestep    No_Moles    No_Specs          H2          HO      C10HO2          O2           O
      43200          10           5           3           3           1           2           1
#  Timestep    No_Moles    No_Specs          H2          HO      C10HO2          O2           O
      43300          10           5           3           3           1           2           1
#  Timestep    No_Moles    No_Specs          H2          HO      C10HO2          O2           O
      43400          10           5           3           3           1           2           1
#  Timestep    No_Moles    No_Specs          H2          HO      C10HO2          O2           O
      43500          10           5           3           3           1           2           1
#  Timestep    No_Moles    No_Specs          H2          HO      C10HO2          O2           O
      43600          10           5           3           3           1           2           1
#  Timestep    No_Moles    No_Specs          H2          HO      C10HO2          O2           O
      43700          10           5           3           3           1           2           1
#  Timestep    No_Moles    No_Specs          H2          HO      C10HO2          O2           O
      43800          10           5           3           3           1           2           1
#  Timestep    No_Moles    No_Specs          H2          HO      C10HO2          O2           O
      43900          10           5           3           3           1           2           1
#  Timestep    No_Moles    No_Specs          H2          HO      C10HO2          O2           O
      44000          10           5           3           3           1           2           1
#  Timestep    No_Moles    No_Specs          H2          HO      C10HO2          O2           O
      44100          10           5           3           3           1           2           1
#  Timestep    No_Moles    No_Specs          H2          HO      C10HO2          O2           O
      44200          10           5           3           3           1           2           1
#  Timestep    No_Moles    No_Specs          H2          HO      C10HO2          O2           O
      44300          10           5           3           3           1           2           1
#  Timestep    No_Moles    No_Specs          H2          HO      C10HO2          O2           O
      44400          10           5           3           3           1           2           1
#  Timestep    No_Moles    No_Specs          H2          HO      C10HO2          O2           O
      44500          10           5           3           3           1           2           1
#  Timestep    No_Moles    No_Specs          H2          HO      C10HO2          O2           O
      44600          10           5           3           3           1           2           1
#  Timestep    No_Moles    No_Specs          H2          HO      C10HO2          O2           O
      44700          10           5           3           3           1           2           1
#  Timestep    No_Moles    No_Specs          H2          HO      C10HO2          O2           O
      44800          10           5           3           3           1           2           1
#  Timestep    No_Moles    No_Specs          H2          HO      C10HO3          O2
      44900           9           4           3           3           1           2
#  Timestep    No_Moles    No_Specs          H2          HO      C10HO3          O2
      45000           9           4           3           3           1           2
#  Timestep    No_Moles    No_Specs          H2          HO      C10HO3          O2
      45100           9           4           3           3           1           2
#  Timestep    No_Moles    No_Specs          H2          HO      C10HO3          O2
      45200           9           4           3           3           1           2
#  Timestep    No_Moles    No_Specs          H2          HO      C10HO3          O2
      45300           9           4           3           3           1           2
#  Timestep    No_Moles    No_Specs          H2          HO      C10HO3          O2
      45400           9           4           3           3           1           2
#  Timestep    No_Moles    No_Specs          H2          HO      C10HO3          O2
      45500           9           4           3           3           1           2
#  Timestep    No_Moles    No_Specs          H2          HO      C10HO3          O2
      45600           9           4           3           3           1           2
#  Timestep    No_Moles    No_Specs          H2          HO      C10HO3          O2
      45700           9           4           3           3           1           2
#  Timestep    No_Moles    No_Specs          H2          HO      C10HO3          O2
      45800           9           4           3           3           1           2
#  Timestep    No_Moles    No_Specs          H2          HO      C10HO3          O2
      45900           9           4           3           3           1           2
#  Timestep    No_Moles    No_Specs          H2          HO      C10HO3          O2
      46000           9           4           3           3           1           2
#  Timestep    No_Moles    No_Specs          H2          HO      C10HO3          O2
      46100           9           4           3           3           1           2
#  Timestep    No_Moles    No_Specs          H2          HO      C10HO3          O2
      46200           9           4           3           3           1           2
#  Timestep    No_Moles    No_Specs          H2          HO      C10HO3          O2
      46300           9           4           3           3           1           2
#  Timestep    No_Moles    No_Specs          H2          HO      C10HO3          O2
      46400           9           4           3           3           1           2
#  Timestep    No_Moles    No_Specs          H2          HO      C10HO3          O2
      46500           9           4           3           3           1           2
#  Timestep    No_Moles    No_Specs          H2          HO      C10HO3          O2
      46600           9           4           3           3           1           2
#  Timestep    No_Moles    No_Specs          H2          HO      C10HO3          O2
      46700           9           4           3           3           1           2
#  Timestep    No_Moles    No_Specs          H2          HO      C10HO3          O2
      46800           9           4           3           3           1           2
#  Timestep    No_Moles    No_Specs          H2          HO      C10HO3          O2
      46900           9           4           3           3           1           2
#  Timestep    No_Moles    No_Specs          H2          HO      C10HO3          O2
      47000           9           4           3           3           1           2
#  Timestep    No_Moles    No_Specs          H2          HO      C10HO3          O2
      47100           9           4           3           3           1           2
#  Timestep    No_Moles    No_Specs          H2          HO      C10HO3          O2
      47200           9           4           3           3           1           2
#  Timestep    No_Moles    No_Specs          H2          HO      C10HO3          O2
      47300           9           4           3           3           1           2
#  Timestep    No_Moles    No_Specs          H2          HO      C10HO3          O2
      47400           9           4           3           3           1           2
#  Timestep    No_Moles    No_Specs          H2          HO      C10HO3          O2
      47500           9           4           3           3           1           2
#  Timestep    No_Moles    No_Specs          H2          HO      C10HO3          O2
      47600           9           4           3           3           1           2
#  Timestep    No_Moles    No_Specs          H2          HO      C10HO3          O2
      47700           9           4           3           3           1           2
#  Timestep    No_Moles    No_Specs          H2          HO      C10HO3          O2
      47800           9           4           3           3           1           2
#  Timestep    No_Moles    No_Specs          H2          HO      C10HO3          O2
      47900           9           4           3           3           1           2
#  Timestep    No_Moles    No_Specs          H2          HO      C10HO3          O2
      48000           9           4           3           3           1           2
#  Timestep    No_Moles    No_Specs          H2          HO      C10HO3          O2
      48100           9           4           3           3           1           2
#  Timestep    No_Moles    No_Specs          H2          HO      C10HO3          O2
      48200           9           4           3           3           1           2
#  Timestep    No_Moles    No_Specs          H2          HO      C10HO3          O2
      48300           9           4           3           3           1           2
#  Timestep    No_Moles    No_Specs          H2          HO      C10HO3          O2
      48400           9           4           3           3           1           2
#  Timestep    No_Moles    No_Specs          H2          HO      C10HO3          O2
      48500           9           4           3           3           1           2
#  Timestep    No_Moles    No_Specs          H2          HO      C10HO3          O2
      48600           9           4           3           3           1           2
#  Timestep    No_Moles    No_Specs          H2          HO      C10HO3          O2
      48700           9           4           3           3           1           2
#  Timestep    No_Moles    No_Specs          H2          HO      C10HO3          O2
      48800           9           4           3           3           1           2
#  Timestep    No_Moles    No_Specs          H2          HO      C10HO3          O2
      48900           9           4           3           3           1           2
#  Timestep    No_Moles    No_Specs          H2          HO      C10HO3          O2
      49000           9           4           3           3           1           2
#  Timestep    No_Moles    No_Specs          H2          HO      C10HO3          O2
      49100           9           4           3           3           1           2
#  Timestep    No_Moles    No_Specs          H2          HO      C10HO3          O2
      49200           9           4           3           3           1           2
#  Timestep    No_Moles    No_Specs          H2          HO      C10HO3          O2
      49300           9           4           3           3           1           2
#  Timestep    No_Moles    No_Specs          H2          HO      C10HO3          O2
      49400           9           4           3           3           1           2
#  Timestep    No_Moles    No_Specs          H2          HO      C10HO3          O2
      49500           9           4           3           3           1           2
#  Timestep    No_Moles    No_Specs          H2          HO      C10HO3          O2
      49600           9           4           3           3           1           2
#  Timestep    No_Moles    No_Specs          H2          HO      C10HO3          O2
      49700           9           4           3           3           1           2
#  Timestep    No_Moles    No_Specs          H2          HO      C10HO3          O2
      49800           9           4           3           3           1           2
#  Timestep    No_Moles    No_Specs          H2          HO      C10HO3          O2
      49900           9           4           3           3           1           2
#  Timestep    No_Moles    No_Specs          H2          HO      C10HO3          O2
      50000           9           4           3           3           1           2
#  Timestep    No_Moles    No_Specs          H2          HO      C10HO3          O2
      50100           9           4           3           3           1           2
#  Timestep    No_Moles    No_Specs          H2          HO      C10HO3          O2
      50200           9           4           3           3           1           2
#  Timestep    No_Moles    No_Specs          H2          HO      C10HO3          O2
      50300           9           4           3           3           1           2
#  Timestep    No_Moles    No_Specs          H2          HO      C10HO3          O2
      50400           9           4           3           3           1           2
#  Timestep    No_Moles    No_Specs          H2          HO      C10HO3          O2
      50500           9           4           3           3           1           2
#  Timestep    No_Moles    No_Specs          H2          HO      C10HO3          O2
      50600           9           4           3           3           1           2
#  Timestep    No_Moles    No_Specs          H2          HO      C10HO3          O2
      50700           9           4           3           3           1           2
#  Timestep    No_Moles    No_Specs          H2          HO      C10HO3          O2
      50800           9           4           3           3           1           2
#  Timestep    No_Moles    No_Specs          H2          HO      C10HO3          O2
      50900           9           4           3           3           1           2
#  Timestep    No_Moles    No_Specs          H2          HO      C10HO3          O2
      51000           9           4           3           3           1           2
#  Timestep    No_Moles    No_Specs          H2          HO      C10HO3          O2
      51100           9           4           3           3           1           2
#  Timestep    No_Moles    No_Specs          H2          HO      C10HO3          O2
      51200           9           4           3           3           1           2
#  Timestep    No_Moles    No_Specs          H2          HO      C10HO3          O2
      51300           9           4           3           3           1           2
#  Timestep    No_Moles    No_Specs          H2          HO      C10HO3          O2
      51400           9           4           3           3           1           2
#  Timestep    No_Moles    No_Specs          H2          HO      C10HO3          O2
      51500           9           4           3           3           1           2
#  Timestep    No_Moles    No_Specs          H2          HO      C10HO3          O2
      51600           9           4           3           3           1           2
#  Timestep    No_Moles    No_Specs          H2          HO      C10HO3          O2
      51700           9           4           3           3           1           2
#  Timestep    No_Moles    No_Specs          H2          HO      C10HO3          O2
      51800           9           4           3           3           1           2
#  Timestep    No_Moles    No_Specs          H2          HO      C10HO3          O2
      51900           9           4           3           3           1           2
#  Timestep    No_Moles    No_Specs          H2          HO      C10HO3          O2
      52000           9           4           3           3           1           2
#  Timestep    No_Moles    No_Specs          H2          HO      C10HO3          O2
      52100           9           4           3           3           1           2
#  Timestep    No_Moles    No_Specs          H2          HO      C10HO3          O2
      52200           9           4           3           3           1           2
#  Timestep    No_Moles    No_Specs          H2          HO      C10HO3          O2
      52300           9           4           3           3           1           2
#  Timestep    No_Moles    No_Specs          H2          HO      C10HO3          O2
      52400           9           4           3           3           1           2
#  Timestep    No_Moles    No_Specs          H2          HO      C10HO3          O2
      52500           9           4           3           3           1           2
#  Timestep    No_Moles    No_Specs          H2          HO      C10HO3          O2
      52600           9           4           3           3           1           2
#  Timestep    No_Moles    No_Specs          H2          HO      C10HO3          O2
      52700           9           4           3           3           1           2
#  Timestep    No_Moles    No_Specs          H2          HO      C10HO3          O2
      52800           9           4           3           3           1           2
#  Timestep    No_Moles    No_Specs          H2          HO      C10HO3          O2
      52900           9           4           3           3           1           2
#  Timestep    No_Moles    No_Specs          H2          HO      C10HO3          O2
      53000           9           4           3           3           1           2
#  Timestep    No_Moles    No_Specs          H2          HO      C10HO3          O2
      53100           9           4           3           3           1           2
#  Timestep    No_Moles    No_Specs          H2          HO      C10HO3          O2
      53200           9           4           3           3           1           2
#  Timestep    No_Moles    No_Specs          H2          HO      C10HO3          O2
      53300           9           4           3           3           1           2
#  Timestep    No_Moles    No_Specs          H2          HO      C10HO3          O2
      53400           9           4           3           3           1           2
#  Timestep    No_Moles    No_Specs          H2          HO      C10HO3          O2
      53500           9           4           3           3           1           2
#  Timestep    No_Moles    No_Specs          H2          HO      C10HO3          O2
      53600           9           4           3           3           1           2
#  Timestep    No_Moles    No_Specs          H2          HO      C10HO3          O2
      53700           9           4           3           3           1           2
#  Timestep    No_Moles    No_Specs          H2          HO      C10HO3          O2
      53800           9           4           3           3           1           2
#  Timestep    No_Moles    No_Specs          H2          HO      C10HO3          O2
      53900           9           4           3           3           1           2
#  Timestep    No_Moles    No_Specs          H2          HO      C10HO3          O2
      54000           9           4           3           3           1           2
#  Timestep    No_Moles    No_Specs          H2          HO      C10HO3          O2
      54100           9           4           3           3           1           2
#  Timestep    No_Moles    No_Specs          H2          HO      C10HO3          O2
      54200           9           4           3           3           1           2
#  Timestep    No_Moles    No_Specs          H2          HO      C10HO3          O2
      54300           9           4           3           3           1           2
#  Timestep    No_Moles    No_Specs          H2          HO      C10HO3          O2
      54400           9           4           3           3           1           2
#  Timestep    No_Moles    No_Specs          H2          HO      C10HO3          O2
      54500           9           4           3           3           1           2
#  Timestep    No_Moles    No_Specs          H2          HO      C10HO3          O2
      54600           9           4           3           3           1           2
#  Timestep    No_Moles    No_Specs          H2          HO      C10HO3          O2
      54700           9           4           3           3           1           2
#  Timestep    No_Moles    No_Specs          H2          HO      C10HO3          O2
      54800           9           4           3           3           1           2
#  Timestep    No_Moles    No_Specs          H2          HO      C10HO3          O2
      54900           9           4           3           3           1           2
#  Timestep    No_Moles    No_Specs          H2          HO      C10HO3          O2
      55000           9           4           3           3           1           2
#  Timestep    No_Moles    No_Specs          H2          HO      C10HO3          O2
      55100           9           4           3           3           1           2
#  Timestep    No_Moles    No_Specs          H2          HO      C10HO3          O2
      55200           9           4           3           3           1           2
#  Timestep    No_Moles    No_Specs          H2          HO      C10HO3          O2
      55300           9           4           3           3           1           2
#  Timestep    No_Moles    No_Specs          H2          HO      C10HO3          O2
      55400           9           4           3           3           1           2
#  Timestep    No_Moles    No_Specs          H2          HO      C10HO3          O2
      55500           9           4           3           3           1           2
#  Timestep    No_Moles    No_Specs          H2          HO      C10HO3          O2
      55600           9           4           3           3           1           2
#  Timestep    No_Moles    No_Specs          H2          HO      C10HO3          O2
      55700           9           4           3           3           1           2
#  Timestep    No_Moles    No_Specs          H2          HO      C10HO3          O2
      55800           9           4           3           3           1           2
#  Timestep    No_Moles    No_Specs          H2          HO      C10HO3          O2
      55900           9           4           3           3           1           2
#  Timestep    No_Moles    No_Specs          H2          HO      C10HO3          O2
      56000           9           4           3           3           1           2
#  Timestep    No_Moles    No_Specs          H2          HO      C10HO3          O2
      56100           9           4           3           3           1           2
#  Timestep    No_Moles    No_Specs          H2          HO      C10HO3          O2
      56200           9           4           3           3           1           2
#  Timestep    No_Moles    No_Specs          H2          HO      C10HO3          O2
      56300           9           4           3           3           1           2
#  Timestep    No_Moles    No_Specs          H2          HO      C10HO3          O2
      56400           9           4           3           3           1           2
#  Timestep    No_Moles    No_Specs          H2          HO      C10HO3          O2
      56500           9           4           3           3           1           2
#  Timestep    No_Moles    No_Specs          H2          HO      C10HO3          O2
      56600           9           4           3           3           1           2
#  Timestep    No_Moles    No_Specs          H2          HO      C10HO3          O2
      56700           9           4           3           3           1           2
#  Timestep    No_Moles    No_Specs          H2          HO      C10HO3          O2
      56800           9           4           3           3           1           2
#  Timestep    No_Moles    No_Specs          H2          HO      C10HO3          O2
      56900           9           4           3           3           1           2
#  Timestep    No_Moles    No_Specs          H2          HO      C10HO3          O2
      57000           9           4           3           3           1           2
#  Timestep    No_Moles    No_Specs          H2          HO      C10HO3          O2
      57100           9           4           3           3           1           2
#  Timestep    No_Moles    No_Specs          H2          HO      C10HO3          O2
      57200           9           4           3           3           1           2
#  Timestep    No_Moles    No_Specs          H2          HO      C10HO3          O2
      57300           9           4           3           3           1           2
#  Timestep    No_Moles    No_Specs          H2          HO      C10HO3          O2
      57400           9           4           3           3           1           2
#  Timestep    No_Moles    No_Specs          H2          HO      C10HO3          O2
      57500           9           4           3           3           1           2
#  Timestep    No_Moles    No_Specs          H2          HO      C10HO3          O2
      57600           9           4           3           3           1           2
#  Timestep    No_Moles    No_Specs          H2          HO      C10HO3          O2
      57700           9           4           3           3           1           2
#  Timestep    No_Moles    No_Specs          H2          HO      C10HO3          O2
      57800           9           4           3           3           1           2
#  Timestep    No_Moles    No_Specs          H2          HO      C10HO3          O2
      57900           9           4           3           3           1           2
#  Timestep    No_Moles    No_Specs          H2          HO      C10HO3          O2
      58000           9           4           3           3           1           2
#  Timestep    No_Moles    No_Specs          H2          HO      C10HO3          O2
      58100           9           4           3           3           1           2
#  Timestep    No_Moles    No_Specs          H2          HO      C10HO3          O2
      58200           9           4           3           3           1           2
#  Timestep    No_Moles    No_Specs          H2          HO      C10HO3          O2
      58300           9           4           3           3           1           2
#  Timestep    No_Moles    No_Specs          H2          HO      C10HO3          O2
      58400           9           4           3           3           1           2
#  Timestep    No_Moles    No_Specs          H2          HO      C10HO3          O2
      58500           9           4           3           3           1           2
#  Timestep    No_Moles    No_Specs          H2          HO      C10HO3          O2
      58600           9           4           3           3           1           2
#  Timestep    No_Moles    No_Specs          H2          HO      C10HO3          O2
      58700           9           4           3           3           1           2
#  Timestep    No_Moles    No_Specs          H2          HO      C10HO3          O2
      58800           9           4           3           3           1           2
#  Timestep    No_Moles    No_Specs          H2          HO      C10HO3          O2
      58900           9           4           3           3           1           2
#  Timestep    No_Moles    No_Specs          H2          HO      C10HO3          O2
      59000           9           4           3           3           1           2
#  Timestep    No_Moles    No_Specs          H2          HO      C10HO3          O2
      59100           9           4           3           3           1           2
#  Timestep    No_Moles    No_Specs          H2          HO      C10HO3          O2
      59200           9           4           3           3           1           2
#  Timestep    No_Moles    No_Specs          H2          HO      C10HO3          O2
      59300           9           4           3           3           1           2
#  Timestep    No_Moles    No_Specs          H2          HO      C10HO3          O2
      59400           9           4           3           3           1           2
#  Timestep    No_Moles    No_Specs          H2          HO      C10HO3          O2
      59500           9           4           3           3           1           2
#  Timestep    No_Moles    No_Specs          H2          HO      C10HO3          O2
      59600           9           4           3           3           1           2
#  Timestep    No_Moles    No_Specs          H2          HO      C10HO3          O2
      59700           9           4           3           3           1           2
#  Timestep    No_Moles    No_Specs          H2          HO      C10HO3          O2
      59800           9           4           3           3           1           2
#  Timestep    No_Moles    No_Specs          H2          HO      C10HO3          O2
      59900           9           4           3           3           1           2
#  Timestep    No_Moles    No_Specs          H2          HO      C10HO3          O2
      60000           9           4           3           3           1           2
#  Timestep    No_Moles    No_Specs          H2          HO      C10HO3          O2
      60100           9           4           3           3           1           2
#  Timestep    No_Moles    No_Specs          H2          HO      C10HO3          O2
      60200           9           4           3           3           1           2
#  Timestep    No_Moles    No_Specs          H2          HO      C10HO3          O2
      60300           9           4           3           3           1           2
#  Timestep    No_Moles    No_Specs          H2          HO      C10HO3          O2
      60400           9           4           3           3           1           2
#  Timestep    No_Moles    No_Specs          H2          HO      C10HO3          O2
      60500           9           4           3           3           1           2
#  Timestep    No_Moles    No_Specs          H2          HO      C10HO3          O2
      60600           9           4           3           3           1           2
#  Timestep    No_Moles    No_Specs          H2          HO      C10HO3          O2
      60700           9           4           3           3           1           2
#  Timestep    No_Moles    No_Specs          H2          HO      C10HO3          O2
      60800           9           4           3           3           1           2
#  Timestep    No_Moles    No_Specs          H2          HO      C10HO3          O2
      60900           9           4           3           3           1           2
#  Timestep    No_Moles    No_Specs          H2          HO      C10HO3          O2
      61000           9           4           3           3           1           2
#  Timestep    No_Moles    No_Specs          H2          HO      C10HO3          O2
      61100           9           4           3           3           1           2
#  Timestep    No_Moles    No_Specs          H2          HO      C10HO3          O2
      61200           9           4           3           3           1           2
#  Timestep    No_Moles    No_Specs          H2          HO      C10HO3          O2
      61300           9           4           3           3           1           2
#  Timestep    No_Moles    No_Specs          H2          HO      C10HO3          O2
      61400           9           4           3           3           1           2
#  Timestep    No_Moles    No_Specs          H2          HO      C10HO3          O2
      61500           9           4           3           3           1           2
#  Timestep    No_Moles    No_Specs          H2          HO      C10HO3          O2
      61600           9           4           3           3           1           2
#  Timestep    No_Moles    No_Specs          H2          HO      C10HO3          O2
      61700           9           4           3           3           1           2
#  Timestep    No_Moles    No_Specs          H2          HO      C10HO3          O2
      61800           9           4           3           3           1           2
#  Timestep    No_Moles    No_Specs          H2          HO      C10HO3          O2
      61900           9           4           3           3           1           2
#  Timestep    No_Moles    No_Specs          H2          HO      C10HO3          O2
      62000           9           4           3           3           1           2
#  Timestep    No_Moles    No_Specs          H2          HO      C10HO3          O2
      62100           9           4           3           3           1           2
#  Timestep    No_Moles    No_Specs          H2          HO      C10HO3          O2
      62200           9           4           3           3           1           2
#  Timestep    No_Moles    No_Specs          H2          HO      C10HO3          O2
      62300           9           4           3           3           1           2
#  Timestep    No_Moles    No_Specs          H2          HO      C10HO3          O2
      62400           9           4           3           3           1           2
#  Timestep    No_Moles    No_Specs          H2          HO      C10HO3          O2
      62500           9           4           3           3           1           2
#  Timestep    No_Moles    No_Specs          H2          HO      C10HO3          O2
      62600           9           4           3           3           1           2
#  Timestep    No_Moles    No_Specs          H2          HO      C10HO3          O2
      62700           9           4           3           3           1           2
#  Timestep    No_Moles    No_Specs          H2          HO      C10HO3          O2
      62800           9           4           3           3           1           2
#  Timestep    No_Moles    No_Specs          H2          HO      C10HO3          O2
      62900           9           4           3           3           1           2
#  Timestep    No_Moles    No_Specs          H2          HO      C10HO3          O2
      63000           9           4           3           3           1           2
#  Timestep    No_Moles    No_Specs          H2          HO      C10HO3          O2
      63100           9           4           3           3           1           2
#  Timestep    No_Moles    No_Specs          H2          HO      C10HO3          O2
      63200           9           4           3           3           1           2
#  Timestep    No_Moles    No_Specs          H2          HO      C10HO3          O2
      63300           9           4           3           3           1           2
#  Timestep    No_Moles    No_Specs          H2          HO      C10HO3          O2
      63400           9           4           3           3           1           2
#  Timestep    No_Moles    No_Specs          H2          HO      C10HO3          O2
      63500           9           4           3           3           1           2
#  Timestep    No_Moles    No_Specs          H2          HO      C10HO3          O2
      63600           9           4           3           3           1           2
#  Timestep    No_Moles    No_Specs          H2          HO      C10HO3          O2
      63700           9           4           3           3           1           2
#  Timestep    No_Moles    No_Specs          H2          HO      C10HO3          O2
      63800           9           4           3           3           1           2
#  Timestep    No_Moles    No_Specs          H2          HO      C10HO3          O2
      63900           9           4           3           3           1           2
#  Timestep    No_Moles    No_Specs          H2          HO      C10HO3          O2
      64000           9           4           3           3           1           2
#  Timestep    No_Moles    No_Specs          H2          HO      C10HO3          O2
      64100           9           4           3           3           1           2
#  Timestep    No_Moles    No_Specs          H2          HO      C10HO3          O2
      64200           9           4           3           3           1           2
#  Timestep    No_Moles    No_Specs          H2          HO      C10HO3          O2
      64300           9           4           3           3           1           2
#  Timestep    No_Moles    No_Specs          H2          HO      C10HO3          O2
      64400           9           4           3           3           1           2
#  Timestep    No_Moles    No_Specs          H2          HO      C10HO3          O2
      64500           9           4           3           3           1           2
#  Timestep    No_Moles    No_Specs          H2          HO      C10HO3          O2
      64600           9           4           3           3           1           2
#  Timestep    No_Moles    No_Specs          H2          HO      C10HO3          O2
      64700           9           4           3           3           1           2
#  Timestep    No_Moles    No_Specs          H2          HO      C10HO3          O2
      64800           9           4           3           3           1           2
#  Timestep    No_Moles    No_Specs          H2          HO      C10HO3          O2
      64900           9           4           3           3           1           2
#  Timestep    No_Moles    No_Specs          H2          HO      C10HO3          O2
      65000           9           4           3           3           1           2
#  Timestep    No_Moles    No_Specs          H2          HO      C10HO3          O2
      65100           9           4           3           3           1           2
#  Timestep    No_Moles    No_Specs          H2          HO      C10HO3          O2
      65200           9           4           3           3           1           2
#  Timestep    No_Moles    No_Specs          H2          HO      C10HO3          O2
      65300           9           4           3           3           1           2
#  Timestep    No_Moles    No_Specs          H2          HO      C10HO3          O2
      65400           9           4           3           3           1           2
#  Timestep    No_Moles    No_Specs          H2          HO      C10HO3          O2
      65500           9           4           3           3           1           2
#  Timestep    No_Moles    No_Specs          H2          HO      C10HO3          O2
      65600           9           4           3           3           1           2
#  Timestep    No_Moles    No_Specs          H2          HO      C10HO3          O2
      65700           9           4           3           3           1           2
#  Timestep    No_Moles    No_Specs          H2          HO      C10HO3          O2
      65800           9           4           3           3           1           2
#  Timestep    No_Moles    No_Specs          H2          HO      C10HO3          O2
      65900           9           4           3           3           1           2
#  Timestep    No_Moles    No_Specs          H2          HO      C10HO3          O2
      66000           9           4           3           3           1           2
#  Timestep    No_Moles    No_Specs          H2          HO      C10HO3          O2
      66100           9           4           3           3           1           2
#  Timestep    No_Moles    No_Specs          H2          HO      C10HO3          O2
      66200           9           4           3           3           1           2
#  Timestep    No_Moles    No_Specs          H2          HO      C10HO3          O2
      66300           9           4           3           3           1           2
#  Timestep    No_Moles    No_Specs          H2          HO      C10HO3          O2
      66400           9           4           3           3           1           2
#  Timestep    No_Moles    No_Specs          H2          HO      C10HO3          O2
      66500           9           4           3           3           1           2
#  Timestep    No_Moles    No_Specs          H2          HO      C10HO3          O2
      66600           9           4           3           3           1           2
#  Timestep    No_Moles    No_Specs          H2          HO      C10HO3          O2
      66700           9           4           3           3           1           2
#  Timestep    No_Moles    No_Specs          H2          HO      C10HO3          O2
      66800           9           4           3           3           1           2
#  Timestep    No_Moles    No_Specs          H2          HO      C10HO3          O2
      66900           9           4           3           3           1           2
#  Timestep    No_Moles    No_Specs          H2          HO      C10HO3          O2
      67000           9           4           3           3           1           2
#  Timestep    No_Moles    No_Specs          H2          HO      C10HO3          O2
      67100           9           4           3           3           1           2
#  Timestep    No_Moles    No_Specs          H2          HO      C10HO3          O2
      67200           9           4           3           3           1           2
#  Timestep    No_Moles    No_Specs          H2          HO      C10HO3          O2
      67300           9           4           3           3           1           2
#  Timestep    No_Moles    No_Specs          H2          HO      C10HO3          O2
      67400           9           4           3           3           1           2
#  Timestep    No_Moles    No_Specs          H2          HO      C10HO3          O2
      67500           9           4           3           3           1           2
#  Timestep    No_Moles    No_Specs          H2          HO      C10HO3          O2
      67600           9           4           3           3           1           2
#  Timestep    No_Moles    No_Specs          H2          HO      C10HO3          O2
      67700           9           4           3           3           1           2
#  Timestep    No_Moles    No_Specs          H2          HO      C10HO3          O2
      67800           9           4           3           3           1           2
#  Timestep    No_Moles    No_Specs          H2          HO      C10HO3          O2
      67900           9           4           3           3           1           2
#  Timestep    No_Moles    No_Specs          H2          HO      C10HO3          O2
      68000           9           4           3           3           1           2
#  Timestep    No_Moles    No_Specs          H2          HO      C10HO3          O2
      68100           9           4           3           3           1           2
#  Timestep    No_Moles    No_Specs          H2          HO      C10HO3          O2
      68200           9           4           3           3           1           2
#  Timestep    No_Moles    No_Specs          H2          HO      C10HO3          O2
      68300           9           4           3           3           1           2
#  Timestep    No_Moles    No_Specs          H2          HO      C10HO3          O2
      68400           9           4           3           3           1           2
#  Timestep    No_Moles    No_Specs          H2          HO      C10HO3          O2
      68500           9           4           3           3           1           2
#  Timestep    No_Moles    No_Specs          H2          HO      C10HO3          O2
      68600           9           4           3           3           1           2
#  Timestep    No_Moles    No_Specs          H2          HO      C10HO3          O2
      68700           9           4           3           3           1           2
#  Timestep    No_Moles    No_Specs          H2          HO      C10HO3          O2
      68800           9           4           3           3           1           2
#  Timestep    No_Moles    No_Specs          H2          HO     C10H2O4          O2
      68900           8           4           3           2           1           2
#  Timestep    No_Moles    No_Specs          H2          HO      C10HO3          O2
      69000           9           4           3           3           1           2
#  Timestep    No_Moles    No_Specs          H2          HO         H2O       C10O3          O2
      69100           9           5           3           2           1           1           2
#  Timestep    No_Moles    No_Specs          H2          HO     C10H2O4          O2
      69200           8           4           3           2           1           2
#  Timestep    No_Moles    No_Specs          H2          HO     C10H2O4          O2
      69300           8           4           3           2           1           2
#  Timestep    No_Moles    No_Specs          H2          HO     C10H2O4          O2
      69400           8           4           3           2           1           2
#  Timestep    No_Moles    No_Specs          H2          HO     C10H2O4          O2
      69500           8           4           3           2           1           2
#  Timestep    No_Moles    No_Specs          H2          HO     C10H2O4          O2
      69600           8           4           3           2           1           2
#  Timestep    No_Moles    No_Specs          H2          HO     C10H2O4          O2
      69700           8           4           3           2           1           2
#  Timestep    No_Moles    No_Specs          H2          HO     C10H2O4          O2
      69800           8           4           3           2           1           2
#  Timestep    No_Moles    No_Specs          H2          HO     C10H2O4          O2
      69900           8           4           3           2           1           2
#  Timestep    No_Moles    No_Specs          H2          HO     C10H2O4          O2
      70000           8           4           3           2           1           2
#  Timestep    No_Moles    No_Specs          H2          HO     C10H2O4          O2
      70100           8           4           3           2           1           2
#  Timestep    No_Moles    No_Specs          H2          HO     C10H2O4          O2
      70200           8           4           3           2           1           2
#  Timestep    No_Moles    No_Specs          H2          HO     C10H2O4          O2
      70300           8           4           3           2           1           2
#  Timestep    No_Moles    No_Specs          H2          HO     C10H2O4          O2
      70400           8           4           3           2           1           2
#  Timestep    No_Moles    No_Specs          H2          HO     C10H2O4          O2
      70500           8           4           3           2           1           2
#  Timestep    No_Moles    No_Specs          H2          HO     C10H2O4          O2
      70600           8           4           3           2           1           2
#  Timestep    No_Moles    No_Specs          H2          HO     C10H2O4          O2
      70700           8           4           3           2           1           2
#  Timestep    No_Moles    No_Specs          H2          HO     C10H2O4          O2
      70800           8           4           3           2           1           2
#  Timestep    No_Moles    No_Specs          H2          HO     C10H2O4          O2
      70900           8           4           3           2           1           2
#  Timestep    No_Moles    No_Specs          H2          HO     C10H2O4          O2
      71000           8           4           3           2           1           2
#  Timestep    No_Moles    No_Specs          H2          HO     C10H2O4          O2
      71100           8           4           3           2           1           2
#  Timestep    No_Moles    No_Specs          H2          HO     C10H2O4          O2
      71200           8           4           3           2           1           2
#  Timestep    No_Moles    No_Specs          H2          HO     C10H2O4          O2
      71300           8           4           3           2           1           2
#  Timestep    No_Moles    No_Specs          H2          HO     C10H2O4          O2
      71400           8           4           3           2           1           2
#  Timestep    No_Moles    No_Specs          H2          HO     C10H2O4          O2
      71500           8           4           3           2           1           2
#  Timestep    No_Moles    No_Specs          H2          HO     C10H2O4          O2
      71600           8           4           3           2           1           2
#  Timestep    No_Moles    No_Specs          H2          HO     C10H2O4          O2
      71700           8           4           3           2           1           2
#  Timestep    No_Moles    No_Specs          H2          HO     C10H2O4          O2
      71800           8           4           3           2           1           2
#  Timestep    No_Moles    No_Specs          H2          HO     C10H2O4          O2
      71900           8           4           3           2           1           2
#  Timestep    No_Moles    No_Specs          H2          HO     C10H2O4          O2
      72000           8           4           3           2           1           2
#  Timestep    No_Moles    No_Specs          H2          HO     C10H2O4          O2
      72100           8           4           3           2           1           2
#  Timestep    No_Moles    No_Specs          H2          HO     C10H2O4          O2
      72200           8           4           3           2           1           2
#  Timestep    No_Moles    No_Specs          H2          HO     C10H2O4          O2
      72300           8           4           3           2           1           2
#  Timestep    No_Moles    No_Specs          H2          HO     C10H2O4          O2
      72400           8           4           3           2           1           2
#  Timestep    No_Moles    No_Specs          H2          HO     C10H2O4          O2
      72500           8           4           3           2           1           2
#  Timestep    No_Moles    No_Specs          H2          HO     C10H2O4          O2
      72600           8           4           3           2           1           2
#  Timestep    No_Moles    No_Specs          H2          HO     C10H2O4          O2
      72700           8           4           3           2           1           2
#  Timestep    No_Moles    No_Specs          H2          HO     C10H2O4          O2
      72800           8           4           3           2           1           2
#  Timestep    No_Moles    No_Specs          H2          HO     C10H2O4          O2
      72900           8           4           3           2           1           2
#  Timestep    No_Moles    No_Specs          H2          HO     C10H2O4          O2
      73000           8           4           3           2           1           2
#  Timestep    No_Moles    No_Specs          H2          HO     C10H2O4          O2
      73100           8           4           3           2           1           2
#  Timestep    No_Moles    No_Specs          H2          HO     C10H2O4          O2
      73200           8           4           3           2           1           2
#  Timestep    No_Moles    No_Specs          H2          HO     C10H2O4          O2
      73300           8           4           3           2           1           2
#  Timestep    No_Moles    No_Specs          H2          HO     C10H2O4          O2
      73400           8           4           3           2           1           2
#  Timestep    No_Moles    No_Specs          H2          HO     C10H2O4          O2
      73500           8           4           3           2           1           2
#  Timestep    No_Moles    No_Specs          H2          HO     C10H2O4          O2
      73600           8           4           3           2           1           2
#  Timestep    No_Moles    No_Specs          H2          HO     C10H2O4          O2
      73700           8           4           3           2           1           2
#  Timestep    No_Moles    No_Specs          H2          HO     C10H2O4          O2
      73800           8           4           3           2           1           2
#  Timestep    No_Moles    No_Specs          H2          HO     C10H2O4          O2
      73900           8           4           3           2           1           2
#  Timestep    No_Moles    No_Specs          H2          HO     C10H2O4          O2
      74000           8           4           3           2           1           2
#  Timestep    No_Moles    No_Specs          H2          HO     C10H2O4          O2
      74100           8           4           3           2           1           2
#  Timestep    No_Moles    No_Specs          H2          HO     C10H2O4          O2
      74200           8           4           3           2           1           2
#  Timestep    No_Moles    No_Specs          H2          HO     C10H2O4          O2
      74300           8           4           3           2           1           2
#  Timestep    No_Moles    No_Specs          H2          HO     C10H2O4          O2
      74400           8           4           3           2           1           2
#  Timestep    No_Moles    No_Specs          H2          HO     C10H2O4          O2
      74500           8           4           3           2           1           2
#  Timestep    No_Moles    No_Specs          H2          HO     C10H2O4          O2
      74600           8           4           3           2           1           2
#  Timestep    No_Moles    No_Specs          H2          HO     C10H2O4          O2
      74700           8           4           3           2           1           2
#  Timestep    No_Moles    No_Specs          H2          HO     C10H2O4          O2
      74800           8           4           3           2           1           2
#  Timestep    No_Moles    No_Specs          H2          HO     C10H2O4          O2
      74900           8           4           3           2           1           2
#  Timestep    No_Moles    No_Specs          H2          HO     C10H2O4          O2
      75000           8           4           3           2           1           2
#  Timestep    No_Moles    No_Specs          H2          HO     C10H2O4          O2
      75100           8           4           3           2           1           2
#  Timestep    No_Moles    No_Specs          H2          HO         H2O       C10O3          O2
      75200           9           5           3           2           1           1           2
#  Timestep    No_Moles    No_Specs          H2          HO         H2O       C10O3          O2
      75300           9           5           3           2           1           1           2
#  Timestep    No_Moles    No_Specs          H2          HO     C10H2O4          O2
      75400           8           4           3           2           1           2
#  Timestep    No_Moles    No_Specs          H2          HO         H2O       C10O3          O2
      75500           9           5           3           2           1           1           2
#  Timestep    No_Moles    No_Specs          H2          HO         H2O       C10O3          O2
      75600           9           5           3           2           1           1           2
#  Timestep    No_Moles    No_Specs          H2          HO         H2O       C10O3          O2
      75700           9           5           3           2           1           1           2
#  Timestep    No_Moles    No_Specs          H2          HO         H2O       C10O3          O2
      75800           9           5           3           2           1           1           2
#  Timestep    No_Moles    No_Specs          H2          HO         H2O       C10O3          O2
      75900           9           5           3           2           1           1           2
#  Timestep    No_Moles    No_Specs          H2          HO         H2O       C10O3          O2
      76000           9           5           3           2           1           1           2
#  Timestep    No_Moles    No_Specs          H2          HO         H2O       C10O3          O2
      76100           9           5           3           2           1           1           2
#  Timestep    No_Moles    No_Specs          H2          HO         H2O       C10O3          O2
      76200           9           5           3           2           1           1           2
#  Timestep    No_Moles    No_Specs          H2          HO         H2O       C10O3          O2
      76300           9           5           3           2           1           1           2
#  Timestep    No_Moles    No_Specs          H2          HO         H2O       C10O3          O2
      76400           9           5           3           2           1           1           2
#  Timestep    No_Moles    No_Specs          H2          HO         H2O       C10O3          O2
      76500           9           5           3           2           1           1           2
#  Timestep    No_Moles    No_Specs          H2          HO         H2O       C10O3          O2
      76600           9           5           3           2           1           1           2
#  Timestep    No_Moles    No_Specs          H2          HO         H2O       C10O3          O2
      76700           9           5           3           2           1           1           2
#  Timestep    No_Moles    No_Specs          H2          HO         H2O       C10O3          O2
      76800           9           5           3           2           1           1           2
#  Timestep    No_Moles    No_Specs          H2          HO         H2O       C10O3          O2
      76900           9           5           3           2           1           1           2
#  Timestep    No_Moles    No_Specs          H2          HO         H2O       C10O3          O2
      77000           9           5           3           2           1           1           2
#  Timestep    No_Moles    No_Specs          H2          HO         H2O       C10O3          O2
      77100           9           5           3           2           1           1           2
#  Timestep    No_Moles    No_Specs          H2          HO         H2O       C10O3          O2
      77200           9           5           3           2           1           1           2
#  Timestep    No_Moles    No_Specs          H2          HO         H2O       C10O3          O2
      77300           9           5           3           2           1           1           2
#  Timestep    No_Moles    No_Specs          H2          HO         H2O       C10O3          O2
      77400           9           5           3           2           1           1           2
#  Timestep    No_Moles    No_Specs          H2          HO         H2O       C10O3          O2
      77500           9           5           3           2           1           1           2
#  Timestep    No_Moles    No_Specs          H2          HO         H2O       C10O3          O2
      77600           9           5           3           2           1           1           2
#  Timestep    No_Moles    No_Specs          H2          HO         H2O       C10O3          O2
      77700           9           5           3           2           1           1           2
#  Timestep    No_Moles    No_Specs          H2          HO         H2O       C10O3          O2
      77800           9           5           3           2           1           1           2
#  Timestep    No_Moles    No_Specs          H2          HO         H2O       C10O3          O2
      77900           9           5           3           2           1           1           2
#  Timestep    No_Moles    No_Specs          H2          HO         H2O       C10O3          O2
      78000           9           5           3           2           1           1           2
#  Timestep    No_Moles    No_Specs          H2          HO         H2O       C10O3          O2
      78100           9           5           3           2           1           1           2
#  Timestep    No_Moles    No_Specs          H2          HO         H2O       C10O3          O2
      78200           9           5           3           2           1           1           2
#  Timestep    No_Moles    No_Specs          H2          HO         H2O       C10O3          O2
      78300           9           5           3           2           1           1           2
#  Timestep    No_Moles    No_Specs          H2          HO         H2O       C10O3          O2
      78400           9           5           3           2           1           1           2
#  Timestep    No_Moles    No_Specs          H2          HO         H2O       C10O3          O2
      78500           9           5           3           2           1           1           2
#  Timestep    No_Moles    No_Specs          H2          HO         H2O       C10O3          O2
      78600           9           5           3           2           1           1           2
#  Timestep    No_Moles    No_Specs          H2          HO         H2O       C10O3          O2
      78700           9           5           3           2           1           1           2
#  Timestep    No_Moles    No_Specs          H2          HO         H2O       C10O3          O2
      78800           9           5           3           2           1           1           2
#  Timestep    No_Moles    No_Specs          H2          HO         H2O       C10O3          O2
      78900           9           5           3           2           1           1           2
#  Timestep    No_Moles    No_Specs          H2          HO         H2O       C10O3          O2
      79000           9           5           3           2           1           1           2
#  Timestep    No_Moles    No_Specs          H2          HO         H2O       C10O5          O2
      79100           8           5           3           2           1           1           1
#  Timestep    No_Moles    No_Specs          H2          HO         H2O       C10O5          O2
      79200           8           5           3           2           1           1           1
#  Timestep    No_Moles    No_Specs          H2          HO         H2O       C10O5          O2
      79300           8           5           3           2           1           1           1
#  Timestep    No_Moles    No_Specs          H2          HO         H2O       C10O5          O2
      79400           8           5           3           2           1           1           1
#  Timestep    No_Moles    No_Specs          H2          HO         H2O       C10O5          O2
      79500           8           5           3           2           1           1           1
#  Timestep    No_Moles    No_Specs          H2          HO         H2O       C10O5          O2
      79600           8           5           3           2           1           1           1
#  Timestep    No_Moles    No_Specs          H2          HO         H2O       C10O5          O2
      79700           8           5           3           2           1           1           1
#  Timestep    No_Moles    No_Specs          H2          HO         H2O       C10O5          O2
      79800           8           5           3           2           1           1           1
#  Timestep    No_Moles    No_Specs          H2          HO         H2O       C10O5          O2
      79900           8           5           3           2           1           1           1
#  Timestep    No_Moles    No_Specs          H2          HO         H2O       C10O5          O2
      80000           8           5           3           2           1           1           1
#  Timestep    No_Moles    No_Specs          H2          HO         H2O       C10O5          O2
      80100           8           5           3           2           1           1           1
#  Timestep    No_Moles    No_Specs          H2          HO         H2O       C10O5          O2
      80200           8           5           3           2           1           1           1
#  Timestep    No_Moles    No_Specs          H2          HO         H2O       C10O5          O2
      80300           8           5           3           2           1           1           1
#  Timestep    No_Moles    No_Specs          H2          HO         H2O       C10O5          O2
      80400           8           5           3           2           1           1           1
#  Timestep    No_Moles    No_Specs          H2          HO         H2O       C10O5          O2
      80500           8           5           3           2           1           1           1
#  Timestep    No_Moles    No_Specs          H2          HO         H2O       C10O5          O2
      80600           8           5           3           2           1           1           1
#  Timestep    No_Moles    No_Specs          H2          HO         H2O       C10O5          O2
      80700           8           5           3           2           1           1           1
#  Timestep    No_Moles    No_Specs          H2          HO         H2O       C10O5          O2
      80800           8           5           3           2           1           1           1
#  Timestep    No_Moles    No_Specs          H2          HO         H2O       C10O5          O2
      80900           8           5           3           2           1           1           1
#  Timestep    No_Moles    No_Specs          H2          HO         H2O       C10O5          O2
      81000           8           5           3           2           1           1           1
#  Timestep    No_Moles    No_Specs          H2          HO         H2O       C10O5          O2
      81100           8           5           3           2           1           1           1
#  Timestep    No_Moles    No_Specs          H2          HO         H2O       C10O5          O2
      81200           8           5           3           2           1           1           1
#  Timestep    No_Moles    No_Specs          H2          HO         H2O       C10O5          O2
      81300           8           5           3           2           1           1           1
#  Timestep    No_Moles    No_Specs          H2          HO         H2O       C10O5          O2
      81400           8           5           3           2           1           1           1
#  Timestep    No_Moles    No_Specs          H2          HO         H2O       C10O5          O2
      81500           8           5           3           2           1           1           1
#  Timestep    No_Moles    No_Specs          H2          HO         H2O       C10O5          O2
      81600           8           5           3           2           1           1           1
#  Timestep    No_Moles    No_Specs          H2          HO         H2O       C10O5          O2
      81700           8           5           3           2           1           1           1
#  Timestep    No_Moles    No_Specs          H2          HO         H2O       C10O5          O2
      81800           8           5           3           2           1           1           1
#  Timestep    No_Moles    No_Specs          H2          HO         H2O       C10O5          O2
      81900           8           5           3           2           1           1           1
#  Timestep    No_Moles    No_Specs          H2          HO         H2O       C10O5          O2
      82000           8           5           3           2           1           1           1
#  Timestep    No_Moles    No_Specs          H2          HO         H2O       C10O5          O2
      82100           8           5           3           2           1           1           1
#  Timestep    No_Moles    No_Specs          H2          HO         H2O       C10O5          O2
      82200           8           5           3           2           1           1           1
#  Timestep    No_Moles    No_Specs          H2          HO         H2O       C10O5          O2
      82300           8           5           3           2           1           1           1
#  Timestep    No_Moles    No_Specs          H2          HO         H2O       C10O5          O2
      82400           8           5           3           2           1           1           1
#  Timestep    No_Moles    No_Specs          H2          HO         H2O       C10O5          O2
      82500           8           5           3           2           1           1           1
#  Timestep    No_Moles    No_Specs          H2          HO         H2O       C10O5          O2
      82600           8           5           3           2           1           1           1
#  Timestep    No_Moles    No_Specs          H2          HO         H2O       C10O5          O2
      82700           8           5           3           2           1           1           1
#  Timestep    No_Moles    No_Specs          H2          HO         H2O       C10O5          O2
      82800           8           5           3           2           1           1           1
#  Timestep    No_Moles    No_Specs          H2          HO         H2O       C10O5          O2
      82900           8           5           3           2           1           1           1
#  Timestep    No_Moles    No_Specs          H2          HO         H2O       C10O5          O2
      83000           8           5           3           2           1           1           1
#  Timestep    No_Moles    No_Specs          H2          HO         H2O       C10O5          O2
      83100           8           5           3           2           1           1           1
#  Timestep    No_Moles    No_Specs          H2          HO         H2O       C10O5          O2
      83200           8           5           3           2           1           1           1
#  Timestep    No_Moles    No_Specs          H2          HO         H2O       C10O5          O2
      83300           8           5           3           2           1           1           1
#  Timestep    No_Moles    No_Specs          H2          HO         H2O       C10O5          O2
      83400           8           5           3           2           1           1           1
#  Timestep    No_Moles    No_Specs          H2          HO         H2O       C10O5          O2
      83500           8           5           3           2           1           1           1
#  Timestep    No_Moles    No_Specs          H2          HO         H2O       C10O5          O2
      83600           8           5           3           2           1           1           1
#  Timestep    No_Moles    No_Specs          H2          HO         H2O       C10O5          O2
      83700           8           5           3           2           1           1           1
#  Timestep    No_Moles    No_Specs          H2          HO         H2O       C10O5          O2
      83800           8           5           3           2           1           1           1
#  Timestep    No_Moles    No_Specs          H2          HO         H2O       C10O5          O2
      83900           8           5           3           2           1           1           1
#  Timestep    No_Moles    No_Specs          H2          HO         H2O       C10O5          O2
      84000           8           5           3           2           1           1           1
#  Timestep    No_Moles    No_Specs          H2          HO         H2O       C10O5          O2
      84100           8           5           3           2           1           1           1
#  Timestep    No_Moles    No_Specs          H2          HO         H2O       C10O5          O2
      84200           8           5           3           2           1           1           1
#  Timestep    No_Moles    No_Specs          H2          HO         H2O       C10O5          O2
      84300           8           5           3           2           1           1           1
#  Timestep    No_Moles    No_Specs          H2          HO         H2O       C10O5          O2
      84400           8           5           3           2           1           1           1
#  Timestep    No_Moles    No_Specs          H2          HO         H2O       C10O5          O2
      84500           8           5           3           2           1           1           1
#  Timestep    No_Moles    No_Specs          H2          HO         H2O       C10O5          O2
      84600           8           5           3           2           1           1           1
#  Timestep    No_Moles    No_Specs          H2          HO         H2O       C10O5          O2
      84700           8           5           3           2           1           1           1
#  Timestep    No_Moles    No_Specs          H2          HO         H2O       C10O5          O2
      84800           8           5           3           2           1           1           1
#  Timestep    No_Moles    No_Specs          H2          HO         H2O       C10O5          O2
      84900           8           5           3           2           1           1           1
#  Timestep    No_Moles    No_Specs          H2          HO         H2O       C10O5          O2
      85000           8           5           3           2           1           1           1
#  Timestep    No_Moles    No_Specs          H2          HO         H2O       C10O5          O2
      85100           8           5           3           2           1           1           1
#  Timestep    No_Moles    No_Specs          H2          HO         H2O       C10O5          O2
      85200           8           5           3           2           1           1           1
#  Timestep    No_Moles    No_Specs          H2          HO         H2O       C10O5          O2
      85300           8           5           3           2           1           1           1
#  Timestep    No_Moles    No_Specs          H2          HO         H2O       C10O5          O2
      85400           8           5           3           2           1           1           1
#  Timestep    No_Moles    No_Specs          H2          HO         H2O       C10O5          O2
      85500           8           5           3           2           1           1           1
#  Timestep    No_Moles    No_Specs          H2          HO         H2O       C10O5          O2
      85600           8           5           3           2           1           1           1
#  Timestep    No_Moles    No_Specs          H2          HO         H2O       C10O5          O2
      85700           8           5           3           2           1           1           1
#  Timestep    No_Moles    No_Specs          H2          HO         H2O       C10O5          O2
      85800           8           5           3           2           1           1           1
#  Timestep    No_Moles    No_Specs          H2          HO         H2O       C10O5          O2
      85900           8           5           3           2           1           1           1
#  Timestep    No_Moles    No_Specs          H2          HO         H2O       C10O5          O2
      86000           8           5           3           2           1           1           1
#  Timestep    No_Moles    No_Specs          H2          HO         H2O       C10O5          O2
      86100           8           5           3           2           1           1           1
#  Timestep    No_Moles    No_Specs          H2          HO         H2O       C10O5          O2
      86200           8           5           3           2           1           1           1
#  Timestep    No_Moles    No_Specs          H2          HO         H2O       C10O5          O2
      86300           8           5           3           2           1           1           1
#  Timestep    No_Moles    No_Specs          H2          HO         H2O       C10O5          O2
      86400           8           5           3           2           1           1           1
#  Timestep    No_Moles    No_Specs          H2          HO         H2O       C10O5          O2
      86500           8           5           3           2           1           1           1
#  Timestep    No_Moles    No_Specs          H2          HO         H2O       C10O5          O2
      86600           8           5           3           2           1           1           1
#  Timestep    No_Moles    No_Specs          H2          HO         H2O       C10O5          O2
      86700           8           5           3           2           1           1           1
#  Timestep    No_Moles    No_Specs          H2          HO         H2O       C10O5          O2
      86800           8           5           3           2           1           1           1
#  Timestep    No_Moles    No_Specs          H2          HO         H2O       C10O5          O2
      86900           8           5           3           2           1           1           1
#  Timestep    No_Moles    No_Specs          H2          HO         H2O       C10O5          O2
      87000           8           5           3           2           1           1           1
#  Timestep    No_Moles    No_Specs          H2          HO         H2O       C10O5          O2
      87100           8           5           3           2           1           1           1
#  Timestep    No_Moles    No_Specs          H2          HO         H2O       C10O5          O2
      87200           8           5           3           2           1           1           1
#  Timestep    No_Moles    No_Specs          H2          HO         H2O       C10O5          O2
      87300           8           5           3           2           1           1           1
#  Timestep    No_Moles    No_Specs          H2          HO         H2O       C10O5          O2
      87400           8           5           3           2           1           1           1
#  Timestep    No_Moles    No_Specs          H2          HO         H2O       C10O5          O2
      87500           8           5           3           2           1           1           1
#  Timestep    No_Moles    No_Specs          H2          HO         H2O       C10O5          O2
      87600           8           5           3           2           1           1           1
#  Timestep    No_Moles    No_Specs          H2          HO         H2O       C10O5          O2
      87700           8           5           3           2           1           1           1
#  Timestep    No_Moles    No_Specs          H2          HO         H2O       C10O5          O2
      87800           8           5           3           2           1           1           1
#  Timestep    No_Moles    No_Specs          H2          HO         H2O       C10O5          O2
      87900           8           5           3           2           1           1           1
#  Timestep    No_Moles    No_Specs          H2          HO         H2O       C10O5          O2
      88000           8           5           3           2           1           1           1
#  Timestep    No_Moles    No_Specs          H2          HO         H2O       C10O5          O2
      88100           8           5           3           2           1           1           1
#  Timestep    No_Moles    No_Specs          H2          HO         H2O       C10O5          O2
      88200           8           5           3           2           1           1           1
#  Timestep    No_Moles    No_Specs          H2          HO         H2O       C10O5          O2
      88300           8           5           3           2           1           1           1
#  Timestep    No_Moles    No_Specs          H2          HO         H2O       C10O5          O2
      88400           8           5           3           2           1           1           1
#  Timestep    No_Moles    No_Specs          H2          HO         H2O       C10O5          O2
      88500           8           5           3           2           1           1           1
#  Timestep    No_Moles    No_Specs          H2          HO         H2O       C10O5          O2
      88600           8           5           3           2           1           1           1
#  Timestep    No_Moles    No_Specs          H2          HO         H2O       C10O5          O2
      88700           8           5           3           2           1           1           1
#  Timestep    No_Moles    No_Specs          H2          HO         H2O       C10O5          O2
      88800           8           5           3           2           1           1           1
#  Timestep    No_Moles    No_Specs          H2          HO         H2O       C10O5          O2
      88900           8           5           3           2           1           1           1
#  Timestep    No_Moles    No_Specs          H2          HO         H2O       C10O5          O2
      89000           8           5           3           2           1           1           1
#  Timestep    No_Moles    No_Specs          H2          HO         H2O       C10O5          O2
      89100           8           5           3           2           1           1           1
#  Timestep    No_Moles    No_Specs          H2          HO         H2O       C10O5          O2
      89200           8           5           3           2           1           1           1
#  Timestep    No_Moles    No_Specs          H2          HO         H2O       C10O5          O2
      89300           8           5           3           2           1           1           1
#  Timestep    No_Moles    No_Specs          H2          HO         H2O       C10O5          O2
      89400           8           5           3           2           1           1           1
#  Timestep    No_Moles    No_Specs          H2          HO         H2O       C10O5          O2
      89500           8           5           3           2           1           1           1
#  Timestep    No_Moles    No_Specs          H2          HO         H2O       C10O5          O2
      89600           8           5           3           2           1           1           1
#  Timestep    No_Moles    No_Specs          H2          HO         H2O       C10O5          O2
      89700           8           5           3           2           1           1           1
#  Timestep    No_Moles    No_Specs          H2          HO         H2O       C10O5          O2
      89800           8           5           3           2           1           1           1
#  Timestep    No_Moles    No_Specs          H2          HO         H2O       C10O5          O2
      89900           8           5           3           2           1           1           1
#  Timestep    No_Moles    No_Specs          H2          HO         H2O       C10O5          O2
      90000           8           5           3           2           1           1           1
#  Timestep    No_Moles    No_Specs          H2          HO         H2O       C10O5          O2
      90100           8           5           3           2           1           1           1
#  Timestep    No_Moles    No_Specs          H2          HO         H2O       C10O5          O2
      90200           8           5           3           2           1           1           1
#  Timestep    No_Moles    No_Specs          H2          HO         H2O       C10O5          O2
      90300           8           5           3           2           1           1           1
#  Timestep    No_Moles    No_Specs          H2          HO         H2O       C10O5          O2
      90400           8           5           3           2           1           1           1
#  Timestep    No_Moles    No_Specs          H2          HO         H2O       C10O5          O2
      90500           8           5           3           2           1           1           1
#  Timestep    No_Moles    No_Specs          H2          HO         H2O       C10O5          O2
      90600           8           5           3           2           1           1           1
#  Timestep    No_Moles    No_Specs          H2          HO         H2O       C10O5          O2
      90700           8           5           3           2           1           1           1
#  Timestep    No_Moles    No_Specs          H2          HO         H2O       C10O5          O2
      90800           8           5           3           2           1           1           1
#  Timestep    No_Moles    No_Specs          H2          HO         H2O       C10O5          O2
      90900           8           5           3           2           1           1           1
#  Timestep    No_Moles    No_Specs          H2          HO         H2O       C10O5          O2
      91000           8           5           3           2           1           1           1
#  Timestep    No_Moles    No_Specs          H2          HO         H2O       C10O5          O2
      91100           8           5           3           2           1           1           1
#  Timestep    No_Moles    No_Specs          H2          HO         H2O       C10O5          O2
      91200           8           5           3           2           1           1           1
#  Timestep    No_Moles    No_Specs          H2          HO         H2O       C10O5          O2
      91300           8           5           3           2           1           1           1
#  Timestep    No_Moles    No_Specs          H2          HO         H2O       C10O5          O2
      91400           8           5           3           2           1           1           1
#  Timestep    No_Moles    No_Specs          H2          HO         H2O       C10O5          O2
      91500           8           5           3           2           1           1           1
#  Timestep    No_Moles    No_Specs          H2          HO         H2O       C10O5          O2
      91600           8           5           3           2           1           1           1
#  Timestep    No_Moles    No_Specs          H2          HO         H2O       C10O5          O2
      91700           8           5           3           2           1           1           1
#  Timestep    No_Moles    No_Specs          H2          HO         H2O       C10O5          O2
      91800           8           5           3           2           1           1           1
#  Timestep    No_Moles    No_Specs          H2          HO         H2O       C10O5          O2
      91900           8           5           3           2           1           1           1
#  Timestep    No_Moles    No_Specs          H2          HO         H2O       C10O5          O2
      92000           8           5           3           2           1           1           1
#  Timestep    No_Moles    No_Specs          H2          HO         H2O       C10O5          O2
      92100           8           5           3           2           1           1           1
#  Timestep    No_Moles    No_Specs          H2          HO         H2O       C10O5          O2
      92200           8           5           3           2           1           1           1
#  Timestep    No_Moles    No_Specs          H2          HO         H2O       C10O5          O2
      92300           8           5           3           2           1           1           1
#  Timestep    No_Moles    No_Specs          H2          HO         H2O       C10O5          O2
      92400           8           5           3           2           1           1           1
#  Timestep    No_Moles    No_Specs          H2          HO         H2O       C10O5          O2
      92500           8           5           3           2           1           1           1
#  Timestep    No_Moles    No_Specs          H2          HO         H2O       C10O5          O2
      92600           8           5           3           2           1           1           1
#  Timestep    No_Moles    No_Specs          H2          HO         H2O       C10O5          O2
      92700           8           5           3           2           1           1           1
#  Timestep    No_Moles    No_Specs          H2          HO         H2O       C10O5          O2
      92800           8           5           3           2           1           1           1
#  Timestep    No_Moles    No_Specs          H2          HO         H2O       C10O5          O2
      92900           8           5           3           2           1           1           1
#  Timestep    No_Moles    No_Specs          H2          HO         H2O       C10O5          O2
      93000           8           5           3           2           1           1           1
#  Timestep    No_Moles    No_Specs          H2          HO         H2O       C10O5          O2
      93100           8           5           3           2           1           1           1
#  Timestep    No_Moles    No_Specs          H2          HO         H2O       C10O5          O2
      93200           8           5           3           2           1           1           1
#  Timestep    No_Moles    No_Specs          H2          HO         H2O       C10O5          O2
      93300           8           5           3           2           1           1           1
#  Timestep    No_Moles    No_Specs          H2          HO         H2O       C10O5          O2
      93400           8           5           3           2           1           1           1
#  Timestep    No_Moles    No_Specs          H2          HO         H2O       C10O5          O2
      93500           8           5           3           2           1           1           1
#  Timestep    No_Moles    No_Specs          H2          HO         H2O       C10O5          O2
      93600           8           5           3           2           1           1           1
#  Timestep    No_Moles    No_Specs          H2          HO         H2O       C10O5          O2
      93700           8           5           3           2           1           1           1
#  Timestep    No_Moles    No_Specs          H2          HO         H2O       C10O5          O2
      93800           8           5           3           2           1           1           1
#  Timestep    No_Moles    No_Specs          H2          HO         H2O       C10O5          O2
      93900           8           5           3           2           1           1           1
#  Timestep    No_Moles    No_Specs          H2          HO         H2O       C10O5          O2
      94000           8           5           3           2           1           1           1
#  Timestep    No_Moles    No_Specs          H2          HO         H2O       C10O5          O2
      94100           8           5           3           2           1           1           1
#  Timestep    No_Moles    No_Specs          H2          HO         H2O       C10O5          O2
      94200           8           5           3           2           1           1           1
#  Timestep    No_Moles    No_Specs          H2          HO         H2O       C10O5          O2
      94300           8           5           3           2           1           1           1
#  Timestep    No_Moles    No_Specs          H2          HO         H2O       C10O5          O2
      94400           8           5           3           2           1           1           1
#  Timestep    No_Moles    No_Specs          H2          HO         H2O       C10O5          O2
      94500           8           5           3           2           1           1           1
#  Timestep    No_Moles    No_Specs          H2          HO         H2O       C10O5          O2
      94600           8           5           3           2           1           1           1
#  Timestep    No_Moles    No_Specs          H2          HO         H2O       C10O5          O2
      94700           8           5           3           2           1           1           1
#  Timestep    No_Moles    No_Specs          H2          HO         H2O       C10O5          O2
      94800           8           5           3           2           1           1           1
#  Timestep    No_Moles    No_Specs          H2          HO         H2O       C10O5          O2
      94900           8           5           3           2           1           1           1
#  Timestep    No_Moles    No_Specs          H2          HO         H2O       C10O5          O2
      95000           8           5           3           2           1           1           1
#  Timestep    No_Moles    No_Specs          H2          HO         H2O       C10O5          O2
      95100           8           5           3           2           1           1           1
#  Timestep    No_Moles    No_Specs          H2          HO         H2O       C10O5          O2
      95200           8           5           3           2           1           1           1
#  Timestep    No_Moles    No_Specs          H2          HO         H2O       C10O5          O2
      95300           8           5           3           2           1           1           1
#  Timestep    No_Moles    No_Specs          H2          HO         H2O       C10O5          O2
      95400           8           5           3           2           1           1           1
#  Timestep    No_Moles    No_Specs          H2          HO         H2O       C10O5          O2
      95500           8           5           3           2           1           1           1
#  Timestep    No_Moles    No_Specs          H2          HO         H2O       C10O5          O2
      95600           8           5           3           2           1           1           1
#  Timestep    No_Moles    No_Specs          H2          HO         H2O       C10O5          O2
      95700           8           5           3           2           1           1           1
#  Timestep    No_Moles    No_Specs          H2          HO         H2O       C10O5          O2
      95800           8           5           3           2           1           1           1
#  Timestep    No_Moles    No_Specs          H2          HO         H2O       C10O5          O2
      95900           8           5           3           2           1           1           1
#  Timestep    No_Moles    No_Specs          H2          HO         H2O       C10O5          O2
      96000           8           5           3           2           1           1           1
#  Timestep    No_Moles    No_Specs          H2          HO         H2O       C10O5          O2
      96100           8           5           3           2           1           1           1
#  Timestep    No_Moles    No_Specs          H2          HO         H2O       C10O5          O2
      96200           8           5           3           2           1           1           1
#  Timestep    No_Moles    No_Specs          H2          HO         H2O       C10O5          O2
      96300           8           5           3           2           1           1           1
#  Timestep    No_Moles    No_Specs          H2          HO         H2O       C10O5          O2
      96400           8           5           3           2           1           1           1
#  Timestep    No_Moles    No_Specs          H2          HO         H2O       C10O5          O2
      96500           8           5           3           2           1           1           1
#  Timestep    No_Moles    No_Specs          H2          HO         H2O       C10O5          O2
      96600           8           5           3           2           1           1           1
#  Timestep    No_Moles    No_Specs          H2          HO         H2O       C10O5          O2
      96700           8           5           3           2           1           1           1
#  Timestep    No_Moles    No_Specs          H2          HO         H2O       C10O5          O2
      96800           8           5           3           2           1           1           1
#  Timestep    No_Moles    No_Specs          H2          HO         H2O       C10O5          O2
      96900           8           5           3           2           1           1           1
#  Timestep    No_Moles    No_Specs          H2          HO         H2O       C10O5          O2
      97000           8           5           3           2           1           1           1
#  Timestep    No_Moles    No_Specs          H2          HO         H2O       C10O5          O2
      97100           8           5           3           2           1           1           1
#  Timestep    No_Moles    No_Specs          H2          HO         H2O       C10O5          O2
      97200           8           5           3           2           1           1           1
#  Timestep    No_Moles    No_Specs          H2          HO         H2O       C10O5          O2
      97300           8           5           3           2           1           1           1
#  Timestep    No_Moles    No_Specs          H2          HO         H2O       C10O5          O2
      97400           8           5           3           2           1           1           1
#  Timestep    No_Moles    No_Specs          H2          HO         H2O       C10O5          O2
      97500           8           5           3           2           1           1           1
#  Timestep    No_Moles    No_Specs          H2          HO         H2O       C10O5          O2
      97600           8           5           3           2           1           1           1
#  Timestep    No_Moles    No_Specs          H2          HO         H2O       C10O5          O2
      97700           8           5           3           2           1           1           1
#  Timestep    No_Moles    No_Specs          H2          HO         H2O       C10O5          O2
      97800           8           5           3           2           1           1           1
#  Timestep    No_Moles    No_Specs          H2          HO         H2O       C10O5          O2
      97900           8           5           3           2           1           1           1
#  Timestep    No_Moles    No_Specs          H2          HO         H2O       C10O5          O2
      98000           8           5           3           2           1           1           1
#  Timestep    No_Moles    No_Specs          H2          HO         H2O       C10O5          O2
      98100           8           5           3           2           1           1           1
#  Timestep    No_Moles    No_Specs          H2          HO         H2O       C10O5          O2
      98200           8           5           3           2           1           1           1
#  Timestep    No_Moles    No_Specs          H2          HO         H2O       C10O5          O2
      98300           8           5           3           2           1           1           1
#  Timestep    No_Moles    No_Specs          H2          HO         H2O       C10O5          O2
      98400           8           5           3           2           1           1           1
#  Timestep    No_Moles    No_Specs          H2          HO         H2O       C10O5          O2
      98500           8           5           3           2           1           1           1
#  Timestep    No_Moles    No_Specs          H2          HO         H2O       C10O5          O2
      98600           8           5           3           2           1           1           1
#  Timestep    No_Moles    No_Specs          H2          HO         H2O       C10O5          O2
      98700           8           5           3           2           1           1           1
#  Timestep    No_Moles    No_Specs          H2          HO         H2O       C10O5          O2
      98800           8           5           3           2           1           1           1
#  Timestep    No_Moles    No_Specs          H2          HO         H2O       C10O5          O2
      98900           8           5           3           2           1           1           1
#  Timestep    No_Moles    No_Specs          H2          HO         H2O       C10O5          O2
      99000           8           5           3           2           1           1           1
#  Timestep    No_Moles    No_Specs          H2          HO         H2O       C10O5          O2
      99100           8           5           3           2           1           1           1
#  Timestep    No_Moles    No_Specs          H2          HO         H2O       C10O5          O2
      99200           8           5           3           2           1           1           1
#  Timestep    No_Moles    No_Specs          H2          HO         H2O       C10O5          O2
      99300           8           5           3           2           1           1           1
#  Timestep    No_Moles    No_Specs          H2          HO         H2O       C10O5          O2
      99400           8           5           3           2           1           1           1
#  Timestep    No_Moles    No_Specs          H2          HO         H2O       C10O5          O2
      99500           8           5           3           2           1           1           1
#  Timestep    No_Moles    No_Specs          H2          HO         H2O       C10O5          O2
      99600           8           5           3           2           1           1           1
#  Timestep    No_Moles    No_Specs          H2          HO         H2O       C10O5          O2
      99700           8           5           3           2           1           1           1
#  Timestep    No_Moles    No_Specs          H2          HO         H2O       C10O5          O2
      99800           8           5           3           2           1           1           1
#  Timestep    No_Moles    No_Specs          H2          HO         H2O       C10O5          O2
      99900           8           5           3           2           1           1           1
#  Timestep    No_Moles    No_Specs          H2          HO         H2O       C10O5          O2
     100000           8           5           3           2           1           1           1
#  Timestep    No_Moles    No_Specs          H2          HO         H2O       C10O5          O2
     100100           8           5           3           2           1           1           1
#  Timestep    No_Moles    No_Specs          H2          HO         H2O       C10O5          O2
     100200           8           5           3           2           1           1           1
#  Timestep    No_Moles    No_Specs          H2          HO         H2O       C10O5          O2
     100300           8           5           3           2           1           1           1
#  Timestep    No_Moles    No_Specs          H2          HO         H2O       C10O5          O2
     100400           8           5           3           2           1           1           1
#  Timestep    No_Moles    No_Specs          H2          HO         H2O       C10O5          O2
     100500           8           5           3           2           1           1           1
#  Timestep    No_Moles    No_Specs          H2          HO         H2O       C10O5          O2
     100600           8           5           3           2           1           1           1
#  Timestep    No_Moles    No_Specs          H2          HO         H2O       C10O5          O2
     100700           8           5           3           2           1           1           1
#  Timestep    No_Moles    No_Specs          H2          HO         H2O       C10O5          O2
     100800           8           5           3           2           1           1           1
#  Timestep    No_Moles    No_Specs          H2          HO         H2O       C10O5          O2
     100900           8           5           3           2           1           1           1
#  Timestep    No_Moles    No_Specs          H2          HO         H2O       C10O5          O2
     101000           8           5           3           2           1           1           1
#  Timestep    No_Moles    No_Specs          H2          HO         H2O       C10O5          O2
     101100           8           5           3           2           1           1           1
#  Timestep    No_Moles    No_Specs          H2          HO         H2O       C10O5          O2
     101200           8           5           3           2           1           1           1
#  Timestep    No_Moles    No_Specs          H2          HO         H2O       C10O5          O2
     101300           8           5           3           2           1           1           1
#  Timestep    No_Moles    No_Specs          H2          HO         H2O       C10O5          O2
     101400           8           5           3           2           1           1           1
#  Timestep    No_Moles    No_Specs          H2          HO         H2O       C10O5          O2
     101500           8           5           3           2           1           1           1
#  Timestep    No_Moles    No_Specs          H2          HO         H2O       C10O5          O2
     101600           8           5           3           2           1           1           1
#  Timestep    No_Moles    No_Specs          H2          HO         H2O       C10O5          O2
     101700           8           5           3           2           1           1           1
#  Timestep    No_Moles    No_Specs          H2          HO         H2O       C10O5          O2
     101800           8           5           3           2           1           1           1
#  Timestep    No_Moles    No_Specs          H2          HO         H2O       C10O5          O2
     101900           8           5           3           2           1           1           1
#  Timestep    No_Moles    No_Specs          H2          HO         H2O       C10O5          O2
     102000           8           5           3           2           1           1           1
#  Timestep    No_Moles    No_Specs          H2          HO         H2O       C10O5          O2
     102100           8           5           3           2           1           1           1
#  Timestep    No_Moles    No_Specs          H2          HO         H2O       C10O5          O2
     102200           8           5           3           2           1           1           1
#  Timestep    No_Moles    No_Specs          H2          HO         H2O       C10O5          O2
     102300           8           5           3           2           1           1           1
#  Timestep    No_Moles    No_Specs          H2          HO         H2O       C10O5          O2
     102400           8           5           3           2           1           1           1
#  Timestep    No_Moles    No_Specs          H2          HO         H2O       C10O5          O2
     102500           8           5           3           2           1           1           1
#  Timestep    No_Moles    No_Specs          H2          HO         H2O       C10O5          O2
     102600           8           5           3           2           1           1           1
#  Timestep    No_Moles    No_Specs          H2          HO         H2O       C10O5          O2
     102700           8           5           3           2           1           1           1
#  Timestep    No_Moles    No_Specs          H2          HO         H2O       C10O5          O2
     102800           8           5           3           2           1           1           1
#  Timestep    No_Moles    No_Specs          H2          HO         H2O       C10O5          O2
     102900           8           5           3           2           1           1           1
#  Timestep    No_Moles    No_Specs          H2          HO         H2O       C10O5          O2
     103000           8           5           3           2           1           1           1
#  Timestep    No_Moles    No_Specs          H2          HO         H2O       C10O5          O2
     103100           8           5           3           2           1           1           1
#  Timestep    No_Moles    No_Specs          H2          HO         H2O       C10O5          O2
     103200           8           5           3           2           1           1           1
#  Timestep    No_Moles    No_Specs          H2          HO         H2O       C10O5          O2
     103300           8           5           3           2           1           1           1
#  Timestep    No_Moles    No_Specs          H2          HO         H2O       C10O5          O2
     103400           8           5           3           2           1           1           1
#  Timestep    No_Moles    No_Specs          H2          HO         H2O       C10O5          O2
     103500           8           5           3           2           1           1           1
#  Timestep    No_Moles    No_Specs          H2          HO         H2O       C10O5          O2
     103600           8           5           3           2           1           1           1
#  Timestep    No_Moles    No_Specs          H2          HO         H2O       C10O5          O2
     103700           8           5           3           2           1           1           1
#  Timestep    No_Moles    No_Specs          H2          HO         H2O       C10O5          O2
     103800           8           5           3           2           1           1           1
#  Timestep    No_Moles    No_Specs          H2          HO         H2O       C10O5          O2
     103900           8           5           3           2           1           1           1
#  Timestep    No_Moles    No_Specs          H2          HO         H2O       C10O5          O2
     104000           8           5           3           2           1           1           1
#  Timestep    No_Moles    No_Specs          H2          HO         H2O       C10O5          O2
     104100           8           5           3           2           1           1           1
#  Timestep    No_Moles    No_Specs          H2          HO         H2O       C10O5          O2
     104200           8           5           3           2           1           1           1
#  Timestep    No_Moles    No_Specs          H2          HO         H2O       C10O5          O2
     104300           8           5           3           2           1           1           1
#  Timestep    No_Moles    No_Specs          H2          HO         H2O       C10O5          O2
     104400           8           5           3           2           1           1           1
#  Timestep    No_Moles    No_Specs          H2          HO         H2O       C10O5          O2
     104500           8           5           3           2           1           1           1
#  Timestep    No_Moles    No_Specs          H2          HO         H2O       C10O5          O2
     104600           8           5           3           2           1           1           1
#  Timestep    No_Moles    No_Specs          H2          HO         H2O       C10O5          O2
     104700           8           5           3           2           1           1           1
#  Timestep    No_Moles    No_Specs          H2          HO         H2O       C10O5          O2
     104800           8           5           3           2           1           1           1
#  Timestep    No_Moles    No_Specs          H2          HO         H2O       C10O5          O2
     104900           8           5           3           2           1           1           1
#  Timestep    No_Moles    No_Specs          H2          HO         H2O       C10O5          O2
     105000           8           5           3           2           1           1           1
#  Timestep    No_Moles    No_Specs          H2          HO         H2O       C10O5          O2
     105100           8           5           3           2           1           1           1
#  Timestep    No_Moles    No_Specs          H2          HO         H2O       C10O5          O2
     105200           8           5           3           2           1           1           1
#  Timestep    No_Moles    No_Specs          H2          HO         H2O       C10O5          O2
     105300           8           5           3           2           1           1           1
#  Timestep    No_Moles    No_Specs          H2          HO         H2O       C10O5          O2
     105400           8           5           3           2           1           1           1
#  Timestep    No_Moles    No_Specs          H2          HO         H2O       C10O5          O2
     105500           8           5           3           2           1           1           1
#  Timestep    No_Moles    No_Specs          H2          HO         H2O       C10O5          O2
     105600           8           5           3           2           1           1           1
#  Timestep    No_Moles    No_Specs          H2          HO         H2O       C10O5          O2
     105700           8           5           3           2           1           1           1
#  Timestep    No_Moles    No_Specs          H2          HO         H2O       C10O5          O2
     105800           8           5           3           2           1           1           1
#  Timestep    No_Moles    No_Specs          H2          HO         H2O       C10O5          O2
     105900           8           5           3           2           1           1           1
#  Timestep    No_Moles    No_Specs          H2          HO         H2O       C10O5          O2
     106000           8           5           3           2           1           1           1
#  Timestep    No_Moles    No_Specs          H2          HO         H2O       C10O5          O2
     106100           8           5           3           2           1           1           1
#  Timestep    No_Moles    No_Specs          H2          HO         H2O       C10O5          O2
     106200           8           5           3           2           1           1           1
#  Timestep    No_Moles    No_Specs          H2          HO         H2O       C10O5          O2
     106300           8           5           3           2           1           1           1
#  Timestep    No_Moles    No_Specs          H2          HO         H2O       C10O5          O2
     106400           8           5           3           2           1           1           1
#  Timestep    No_Moles    No_Specs          H2          HO         H2O       C10O5          O2
     106500           8           5           3           2           1           1           1
#  Timestep    No_Moles    No_Specs          H2          HO         H2O       C10O5          O2
     106600           8           5           3           2           1           1           1
#  Timestep    No_Moles    No_Specs          H2          HO         H2O       C10O5          O2
     106700           8           5           3           2           1           1           1
#  Timestep    No_Moles    No_Specs          H2          HO         H2O       C10O5          O2
     106800           8           5           3           2           1           1           1
#  Timestep    No_Moles    No_Specs          H2          HO         H2O       C10O5          O2
     106900           8           5           3           2           1           1           1
#  Timestep    No_Moles    No_Specs          H2          HO         H2O       C10O5          O2
     107000           8           5           3           2           1           1           1
#  Timestep    No_Moles    No_Specs          H2          HO         H2O       C10O5          O2
     107100           8           5           3           2           1           1           1
#  Timestep    No_Moles    No_Specs          H2          HO         H2O       C10O5          O2
     107200           8           5           3           2           1           1           1
#  Timestep    No_Moles    No_Specs          H2          HO         H2O       C10O5          O2
     107300           8           5           3           2           1           1           1
#  Timestep    No_Moles    No_Specs          H2          HO         H2O       C10O5          O2
     107400           8           5           3           2           1           1           1
#  Timestep    No_Moles    No_Specs          H2          HO         H2O       C10O5          O2
     107500           8           5           3           2           1           1           1
#  Timestep    No_Moles    No_Specs          H2          HO         H2O       C10O5          O2
     107600           8           5           3           2           1           1           1
#  Timestep    No_Moles    No_Specs          H2          HO         H2O       C10O5          O2
     107700           8           5           3           2           1           1           1
#  Timestep    No_Moles    No_Specs          H2          HO         H2O       C10O5          O2
     107800           8           5           3           2           1           1           1
#  Timestep    No_Moles    No_Specs          H2          HO         H2O       C10O5          O2
     107900           8           5           3           2           1           1           1
#  Timestep    No_Moles    No_Specs          H2          HO         H2O       C10O5          O2
     108000           8           5           3           2           1           1           1
#  Timestep    No_Moles    No_Specs          H2          HO         H2O       C10O5          O2
     108100           8           5           3           2           1           1           1
#  Timestep    No_Moles    No_Specs          H2          HO         H2O       C10O5          O2
     108200           8           5           3           2           1           1           1
#  Timestep    No_Moles    No_Specs          H2          HO         H2O       C10O5          O2
     108300           8           5           3           2           1           1           1
#  Timestep    No_Moles    No_Specs          H2          HO         H2O       C10O5          O2
     108400           8           5           3           2           1           1           1
#  Timestep    No_Moles    No_Specs          H2          HO         H2O       C10O5          O2
     108500           8           5           3           2           1           1           1
#  Timestep    No_Moles    No_Specs          H2          HO         H2O       C10O5          O2
     108600           8           5           3           2           1           1           1
#  Timestep    No_Moles    No_Specs          H2          HO         H2O       C10O5          O2
     108700           8           5           3           2           1           1           1
#  Timestep    No_Moles    No_Specs          H2          HO         H2O       C10O5          O2
     108800           8           5           3           2           1           1           1
#  Timestep    No_Moles    No_Specs          H2          HO         H2O       C10O5          O2
     108900           8           5           3           2           1           1           1
#  Timestep    No_Moles    No_Specs          H2          HO         H2O       C10O5          O2
     109000           8           5           3           2           1           1           1
#  Timestep    No_Moles    No_Specs          H2          HO         H2O       C10O5          O2
     109100           8           5           3           2           1           1           1
#  Timestep    No_Moles    No_Specs          H2          HO         H2O       C10O5          O2
     109200           8           5           3           2           1           1           1
#  Timestep    No_Moles    No_Specs          H2          HO         H2O       C10O5          O2
     109300           8           5           3           2           1           1           1
#  Timestep    No_Moles    No_Specs          H2          HO         H2O       C10O5          O2
     109400           8           5           3           2           1           1           1
#  Timestep    No_Moles    No_Specs          H2          HO         H2O       C10O5          O2
     109500           8           5           3           2           1           1           1
#  Timestep    No_Moles    No_Specs          H2          HO         H2O       C10O5          O2
     109600           8           5           3           2           1           1           1
#  Timestep    No_Moles    No_Specs          H2          HO         H2O       C10O5          O2
     109700           8           5           3           2           1           1           1
#  Timestep    No_Moles    No_Specs          H2          HO         H2O       C10O5          O2
     109800           8           5           3           2           1           1           1
#  Timestep    No_Moles    No_Specs          H2          HO         H2O       C10O5          O2
     109900           8           5           3           2           1           1           1
#  Timestep    No_Moles    No_Specs          H2          HO         H2O       C10O5          O2
     110000           8           5           3           2           1           1           1
#  Timestep    No_Moles    No_Specs          H2          HO         H2O       C10O5          O2
     110100           8           5           3           2           1           1           1
#  Timestep    No_Moles    No_Specs          H2          HO         H2O       C10O5          O2
     110200           8           5           3           2           1           1           1
#  Timestep    No_Moles    No_Specs          H2          HO         H2O       C10O5          O2
     110300           8           5           3           2           1           1           1
#  Timestep    No_Moles    No_Specs          H2          HO         H2O       C10O5          O2
     110400           8           5           3           2           1           1           1
#  Timestep    No_Moles    No_Specs          H2          HO         H2O       C10O5          O2
     110500           8           5           3           2           1           1           1
#  Timestep    No_Moles    No_Specs          H2          HO         H2O       C10O5          O2
     110600           8           5           3           2           1           1           1
#  Timestep    No_Moles    No_Specs          H2          HO         H2O       C10O5          O2
     110700           8           5           3           2           1           1           1
#  Timestep    No_Moles    No_Specs          H2          HO         H2O       C10O5          O2
     110800           8           5           3           2           1           1           1
#  Timestep    No_Moles    No_Specs          H2          HO         H2O       C10O5          O2
     110900           8           5           3           2           1           1           1
#  Timestep    No_Moles    No_Specs          H2          HO         H2O       C10O5          O2
     111000           8           5           3           2           1           1           1
#  Timestep    No_Moles    No_Specs          H2          HO         H2O       C10O5          O2
     111100           8           5           3           2           1           1           1
#  Timestep    No_Moles    No_Specs          H2          HO         H2O       C10O5          O2
     111200           8           5           3           2           1           1           1
#  Timestep    No_Moles    No_Specs          H2          HO         H2O       C10O5          O2
     111300           8           5           3           2           1           1           1
#  Timestep    No_Moles    No_Specs          H2          HO         H2O       C10O5          O2
     111400           8           5           3           2           1           1           1
#  Timestep    No_Moles    No_Specs          H2          HO         H2O       C10O5          O2
     111500           8           5           3           2           1           1           1
#  Timestep    No_Moles    No_Specs          H2          HO         H2O       C10O5          O2
     111600           8           5           3           2           1           1           1
#  Timestep    No_Moles    No_Specs          H2          HO         H2O       C10O5          O2
     111700           8           5           3           2           1           1           1
#  Timestep    No_Moles    No_Specs          H2          HO         H2O       C10O5          O2
     111800           8           5           3           2           1           1           1
#  Timestep    No_Moles    No_Specs          H2          HO         H2O       C10O5          O2
     111900           8           5           3           2           1           1           1
#  Timestep    No_Moles    No_Specs          H2          HO         H2O       C10O5          O2
     112000           8           5           3           2           1           1           1
#  Timestep    No_Moles    No_Specs          H2          HO         H2O       C10O5          O2
     112100           8           5           3           2           1           1           1
#  Timestep    No_Moles    No_Specs          H2          HO         H2O       C10O5          O2
     112200           8           5           3           2           1           1           1
#  Timestep    No_Moles    No_Specs          H2          HO         H2O       C10O5          O2
     112300           8           5           3           2           1           1           1
#  Timestep    No_Moles    No_Specs          H2          HO         H2O       C10O5          O2
     112400           8           5           3           2           1           1           1
#  Timestep    No_Moles    No_Specs          H2          HO         H2O       C10O5          O2
     112500           8           5           3           2           1           1           1
#  Timestep    No_Moles    No_Specs          H2          HO         H2O       C10O5          O2
     112600           8           5           3           2           1           1           1
#  Timestep    No_Moles    No_Specs          H2          HO         H2O       C10O5          O2
     112700           8           5           3           2           1           1           1
#  Timestep    No_Moles    No_Specs          H2          HO         H2O       C10O5          O2
     112800           8           5           3           2           1           1           1
#  Timestep    No_Moles    No_Specs          H2          HO         H2O       C10O5          O2
     112900           8           5           3           2           1           1           1
#  Timestep    No_Moles    No_Specs          H2          HO         H2O       C10O5          O2
     113000           8           5           3           2           1           1           1
#  Timestep    No_Moles    No_Specs          H2          HO         H2O       C10O5          O2
     113100           8           5           3           2           1           1           1
#  Timestep    No_Moles    No_Specs          H2          HO         H2O       C10O5          O2
     113200           8           5           3           2           1           1           1
#  Timestep    No_Moles    No_Specs          H2          HO         H2O       C10O5          O2
     113300           8           5           3           2           1           1           1
#  Timestep    No_Moles    No_Specs          H2          HO         H2O       C10O5          O2
     113400           8           5           3           2           1           1           1
#  Timestep    No_Moles    No_Specs          H2          HO         H2O       C10O5          O2
     113500           8           5           3           2           1           1           1
#  Timestep    No_Moles    No_Specs          H2          HO         H2O       C10O5          O2
     113600           8           5           3           2           1           1           1
#  Timestep    No_Moles    No_Specs          H2          HO         H2O       C10O5          O2
     113700           8           5           3           2           1           1           1
#  Timestep    No_Moles    No_Specs          H2          HO         H2O       C10O5          O2
     113800           8           5           3           2           1           1           1
#  Timestep    No_Moles    No_Specs          H2          HO         H2O       C10O5          O2
     113900           8           5           3           2           1           1           1
#  Timestep    No_Moles    No_Specs          H2          HO         H2O       C10O5          O2
     114000           8           5           3           2           1           1           1
#  Timestep    No_Moles    No_Specs          H2          HO         H2O       C10O5          O2
     114100           8           5           3           2           1           1           1
#  Timestep    No_Moles    No_Specs          H2          HO         H2O       C10O5          O2
     114200           8           5           3           2           1           1           1
#  Timestep    No_Moles    No_Specs          H2          HO         H2O       C10O5          O2
     114300           8           5           3           2           1           1           1
#  Timestep    No_Moles    No_Specs          H2          HO         H2O       C10O5          O2
     114400           8           5           3           2           1           1           1
#  Timestep    No_Moles    No_Specs          H2          HO         H2O       C10O5          O2
     114500           8           5           3           2           1           1           1
#  Timestep    No_Moles    No_Specs          H2          HO         H2O       C10O5          O2
     114600           8           5           3           2           1           1           1
#  Timestep    No_Moles    No_Specs          H2          HO         H2O       C10O5          O2
     114700           8           5           3           2           1           1           1
#  Timestep    No_Moles    No_Specs          H2          HO         H2O       C10O5          O2
     114800           8           5           3           2           1           1           1
#  Timestep    No_Moles    No_Specs          H2          HO         H2O       C10O5          O2
     114900           8           5           3           2           1           1           1
#  Timestep    No_Moles    No_Specs          H2          HO         H2O       C10O5          O2
     115000           8           5           3           2           1           1           1
#  Timestep    No_Moles    No_Specs          H2          HO         H2O       C10O5          O2
     115100           8           5           3           2           1           1           1
#  Timestep    No_Moles    No_Specs          H2          HO         H2O       C10O5          O2
     115200           8           5           3           2           1           1           1
#  Timestep    No_Moles    No_Specs          H2          HO         H2O       C10O5          O2
     115300           8           5           3           2           1           1           1
#  Timestep    No_Moles    No_Specs          H2          HO         H2O       C10O5          O2
     115400           8           5           3           2           1           1           1
#  Timestep    No_Moles    No_Specs          H2          HO         H2O       C10O5          O2
     115500           8           5           3           2           1           1           1
#  Timestep    No_Moles    No_Specs          H2          HO         H2O       C10O5          O2
     115600           8           5           3           2           1           1           1
#  Timestep    No_Moles    No_Specs          H2          HO         H2O       C10O5          O2
     115700           8           5           3           2           1           1           1
#  Timestep    No_Moles    No_Specs          H2          HO         H2O       C10O5          O2
     115800           8           5           3           2           1           1           1
#  Timestep    No_Moles    No_Specs          H2          HO         H2O       C10O5          O2
     115900           8           5           3           2           1           1           1
#  Timestep    No_Moles    No_Specs          H2          HO         H2O       C10O5          O2
     116000           8           5           3           2           1           1           1
#  Timestep    No_Moles    No_Specs          H2          HO         H2O       C10O5          O2
     116100           8           5           3           2           1           1           1
#  Timestep    No_Moles    No_Specs          H2          HO         H2O       C10O5          O2
     116200           8           5           3           2           1           1           1
#  Timestep    No_Moles    No_Specs          H2          HO         H2O       C10O5          O2
     116300           8           5           3           2           1           1           1
#  Timestep    No_Moles    No_Specs          H2          HO         H2O       C10O5          O2
     116400           8           5           3           2           1           1           1
#  Timestep    No_Moles    No_Specs          H2          HO         H2O       C10O5          O2
     116500           8           5           3           2           1           1           1
#  Timestep    No_Moles    No_Specs          H2          HO         H2O       C10O5          O2
     116600           8           5           3           2           1           1           1
#  Timestep    No_Moles    No_Specs          H2          HO         H2O       C10O5          O2
     116700           8           5           3           2           1           1           1
#  Timestep    No_Moles    No_Specs          H2          HO         H2O       C10O5          O2
     116800           8           5           3           2           1           1           1
#  Timestep    No_Moles    No_Specs          H2          HO         H2O       C10O5          O2
     116900           8           5           3           2           1           1           1
#  Timestep    No_Moles    No_Specs          H2          HO         H2O       C10O5          O2
     117000           8           5           3           2           1           1           1
#  Timestep    No_Moles    No_Specs          H2          HO         H2O       C10O5          O2
     117100           8           5           3           2           1           1           1
#  Timestep    No_Moles    No_Specs          H2          HO         H2O       C10O5          O2
     117200           8           5           3           2           1           1           1
#  Timestep    No_Moles    No_Specs          H2          HO         H2O       C10O5          O2
     117300           8           5           3           2           1           1           1
#  Timestep    No_Moles    No_Specs          H2          HO         H2O       C10O5          O2
     117400           8           5           3           2           1           1           1
#  Timestep    No_Moles    No_Specs          H2          HO         H2O       C10O5          O2
     117500           8           5           3           2           1           1           1
#  Timestep    No_Moles    No_Specs          H2          HO         H2O       C10O5          O2
     117600           8           5           3           2           1           1           1
#  Timestep    No_Moles    No_Specs          H2          HO         H2O       C10O5          O2
     117700           8           5           3           2           1           1           1
#  Timestep    No_Moles    No_Specs          H2          HO         H2O       C10O5          O2
     117800           8           5           3           2           1           1           1
#  Timestep    No_Moles    No_Specs          H2          HO         H2O       C10O5          O2
     117900           8           5           3           2           1           1           1
#  Timestep    No_Moles    No_Specs          H2          HO         H2O       C10O5          O2
     118000           8           5           3           2           1           1           1
#  Timestep    No_Moles    No_Specs          H2          HO         H2O       C10O5          O2
     118100           8           5           3           2           1           1           1
#  Timestep    No_Moles    No_Specs          H2          HO         H2O       C10O5          O2
     118200           8           5           3           2           1           1           1
#  Timestep    No_Moles    No_Specs          H2          HO         H2O       C10O5          O2
     118300           8           5           3           2           1           1           1
#  Timestep    No_Moles    No_Specs          H2          HO         H2O       C10O5          O2
     118400           8           5           3           2           1           1           1
#  Timestep    No_Moles    No_Specs          H2          HO         H2O       C10O5          O2
     118500           8           5           3           2           1           1           1
#  Timestep    No_Moles    No_Specs          H2          HO         H2O       C10O5          O2
     118600           8           5           3           2           1           1           1
#  Timestep    No_Moles    No_Specs          H2          HO         H2O       C10O5          O2
     118700           8           5           3           2           1           1           1
#  Timestep    No_Moles    No_Specs          H2          HO         H2O       C10O5          O2
     118800           8           5           3           2           1           1           1
#  Timestep    No_Moles    No_Specs          H2          HO         H2O       C10O5          O2
     118900           8           5           3           2           1           1           1
#  Timestep    No_Moles    No_Specs          H2          HO         H2O       C10O5          O2
     119000           8           5           3           2           1           1           1
#  Timestep    No_Moles    No_Specs          H2          HO         H2O       C10O5          O2
     119100           8           5           3           2           1           1           1
#  Timestep    No_Moles    No_Specs          H2          HO         H2O       C10O5          O2
     119200           8           5           3           2           1           1           1
#  Timestep    No_Moles    No_Specs          H2          HO         H2O       C10O5          O2
     119300           8           5           3           2           1           1           1
#  Timestep    No_Moles    No_Specs          H2          HO         H2O       C10O5          O2
     119400           8           5           3           2           1           1           1
#  Timestep    No_Moles    No_Specs          H2          HO         H2O       C10O5          O2
     119500           8           5           3           2           1           1           1
#  Timestep    No_Moles    No_Specs          H2          HO         H2O       C10O5          O2
     119600           8           5           3           2           1           1           1
#  Timestep    No_Moles    No_Specs          H2          HO         H2O       C10O5          O2
     119700           8           5           3           2           1           1           1
#  Timestep    No_Moles    No_Specs          H2          HO         H2O       C10O5          O2
     119800           8           5           3           2           1           1           1
#  Timestep    No_Moles    No_Specs          H2          HO         H2O       C10O5          O2
     119900           8           5           3           2           1           1           1
#  Timestep    No_Moles    No_Specs          H2          HO         H2O       C10O5          O2
     120000           8           5           3           2           1           1           1
#  Timestep    No_Moles    No_Specs          H2          HO         H2O       C10O5          O2
     120100           8           5           3           2           1           1           1
#  Timestep    No_Moles    No_Specs          H2          HO         H2O       C10O5          O2
     120200           8           5           3           2           1           1           1
#  Timestep    No_Moles    No_Specs          H2          HO         H2O       C10O5          O2
     120300           8           5           3           2           1           1           1
#  Timestep    No_Moles    No_Specs          H2          HO         H2O       C10O5          O2
     120400           8           5           3           2           1           1           1
#  Timestep    No_Moles    No_Specs          H2          HO         H2O       C10O5          O2
     120500           8           5           3           2           1           1           1
#  Timestep    No_Moles    No_Specs          H2          HO         H2O       C10O5          O2
     120600           8           5           3           2           1           1           1
#  Timestep    No_Moles    No_Specs          H2          HO         H2O       C10O5          O2
     120700           8           5           3           2           1           1           1
#  Timestep    No_Moles    No_Specs          H2          HO         H2O       C10O5          O2
     120800           8           5           3           2           1           1           1
#  Timestep    No_Moles    No_Specs          H2          HO         H2O       C10O5          O2
     120900           8           5           3           2           1           1           1
#  Timestep    No_Moles    No_Specs          H2          HO         H2O       C10O5          O2
     121000           8           5           3           2           1           1           1
#  Timestep    No_Moles    No_Specs          H2          HO         H2O       C10O5          O2
     121100           8           5           3           2           1           1           1
#  Timestep    No_Moles    No_Specs          H2          HO         H2O       C10O5          O2
     121200           8           5           3           2           1           1           1
#  Timestep    No_Moles    No_Specs          H2          HO         H2O       C10O5          O2
     121300           8           5           3           2           1           1           1
#  Timestep    No_Moles    No_Specs          H2          HO         H2O       C10O5          O2
     121400           8           5           3           2           1           1           1
#  Timestep    No_Moles    No_Specs          H2          HO         H2O       C10O5          O2
     121500           8           5           3           2           1           1           1
#  Timestep    No_Moles    No_Specs          H2          HO         H2O       C10O5          O2
     121600           8           5           3           2           1           1           1
#  Timestep    No_Moles    No_Specs          H2          HO         H2O       C10O5          O2
     121700           8           5           3           2           1           1           1
#  Timestep    No_Moles    No_Specs          H2          HO         H2O       C10O5          O2
     121800           8           5           3           2           1           1           1
#  Timestep    No_Moles    No_Specs          H2          HO         H2O       C10O5          O2
     121900           8           5           3           2           1           1           1
#  Timestep    No_Moles    No_Specs          H2          HO         H2O       C10O5          O2
     122000           8           5           3           2           1           1           1
#  Timestep    No_Moles    No_Specs          H2          HO         H2O       C10O5          O2
     122100           8           5           3           2           1           1           1
#  Timestep    No_Moles    No_Specs          H2          HO         H2O       C10O5          O2
     122200           8           5           3           2           1           1           1
#  Timestep    No_Moles    No_Specs          H2          HO         H2O       C10O5          O2
     122300           8           5           3           2           1           1           1
#  Timestep    No_Moles    No_Specs          H2          HO         H2O       C10O5          O2
     122400           8           5           3           2           1           1           1
#  Timestep    No_Moles    No_Specs          H2          HO         H2O       C10O5          O2
     122500           8           5           3           2           1           1           1
#  Timestep    No_Moles    No_Specs          H2          HO         H2O       C10O5          O2
     122600           8           5           3           2           1           1           1
#  Timestep    No_Moles    No_Specs          H2          HO         H2O       C10O5          O2
     122700           8           5           3           2           1           1           1
#  Timestep    No_Moles    No_Specs          H2          HO         H2O       C10O5          O2
     122800           8           5           3           2           1           1           1
#  Timestep    No_Moles    No_Specs          H2          HO         H2O       C10O5          O2
     122900           8           5           3           2           1           1           1
#  Timestep    No_Moles    No_Specs          H2          HO         H2O       C10O5          O2
     123000           8           5           3           2           1           1           1
#  Timestep    No_Moles    No_Specs          H2          HO         H2O       C10O5          O2
     123100           8           5           3           2           1           1           1
#  Timestep    No_Moles    No_Specs          H2          HO         H2O       C10O5          O2
     123200           8           5           3           2           1           1           1
#  Timestep    No_Moles    No_Specs          H2          HO         H2O       C10O5          O2
     123300           8           5           3           2           1           1           1
#  Timestep    No_Moles    No_Specs          H2          HO         H2O       C10O5          O2
     123400           8           5           3           2           1           1           1
#  Timestep    No_Moles    No_Specs          H2          HO         H2O       C10O5          O2
     123500           8           5           3           2           1           1           1
#  Timestep    No_Moles    No_Specs          H2          HO         H2O       C10O5          O2
     123600           8           5           3           2           1           1           1
#  Timestep    No_Moles    No_Specs          H2          HO         H2O       C10O5          O2
     123700           8           5           3           2           1           1           1
#  Timestep    No_Moles    No_Specs          H2          HO         H2O       C10O5          O2
     123800           8           5           3           2           1           1           1
#  Timestep    No_Moles    No_Specs          H2          HO         H2O       C10O5          O2
     123900           8           5           3           2           1           1           1
#  Timestep    No_Moles    No_Specs          H2          HO         H2O       C10O5          O2
     124000           8           5           3           2           1           1           1
#  Timestep    No_Moles    No_Specs          H2          HO         H2O       C10O5          O2
     124100           8           5           3           2           1           1           1
#  Timestep    No_Moles    No_Specs          H2          HO         H2O       C10O5          O2
     124200           8           5           3           2           1           1           1
#  Timestep    No_Moles    No_Specs          H2          HO         H2O       C10O5          O2
     124300           8           5           3           2           1           1           1
#  Timestep    No_Moles    No_Specs          H2          HO         H2O       C10O5          O2
     124400           8           5           3           2           1           1           1
#  Timestep    No_Moles    No_Specs          H2          HO         H2O       C10O5          O2
     124500           8           5           3           2           1           1           1
#  Timestep    No_Moles    No_Specs          H2          HO         H2O       C10O5          O2
     124600           8           5           3           2           1           1           1
#  Timestep    No_Moles    No_Specs          H2          HO         H2O       C10O5          O2
     124700           8           5           3           2           1           1           1
#  Timestep    No_Moles    No_Specs          H2          HO         H2O       C10O5          O2
     124800           8           5           3           2           1           1           1
#  Timestep    No_Moles    No_Specs          H2          HO         H2O       C10O5          O2
     124900           8           5           3           2           1           1           1
#  Timestep    No_Moles    No_Specs          H2          HO         H2O       C10O5          O2
     125000           8           5           3           2           1           1           1
#  Timestep    No_Moles    No_Specs          H2          HO         H2O       C10O5          O2
     125100           8           5           3           2           1           1           1
#  Timestep    No_Moles    No_Specs          H2          HO         H2O       C10O5          O2
     125200           8           5           3           2           1           1           1
#  Timestep    No_Moles    No_Specs          H2          HO         H2O       C10O5          O2
     125300           8           5           3           2           1           1           1
#  Timestep    No_Moles    No_Specs          H2          HO         H2O       C10O5          O2
     125400           8           5           3           2           1           1           1
#  Timestep    No_Moles    No_Specs          H2          HO         H2O       C10O5          O2
     125500           8           5           3           2           1           1           1
#  Timestep    No_Moles    No_Specs          H2          HO         H2O       C10O5          O2
     125600           8           5           3           2           1           1           1
#  Timestep    No_Moles    No_Specs          H2          HO         H2O       C10O5          O2
     125700           8           5           3           2           1           1           1
#  Timestep    No_Moles    No_Specs          H2          HO         H2O       C10O5          O2
     125800           8           5           3           2           1           1           1
#  Timestep    No_Moles    No_Specs          H2          HO         H2O       C10O5          O2
     125900           8           5           3           2           1           1           1
#  Timestep    No_Moles    No_Specs          H2          HO         H2O       C10O5          O2
     126000           8           5           3           2           1           1           1
#  Timestep    No_Moles    No_Specs          H2          HO         H2O       C10O5          O2
     126100           8           5           3           2           1           1           1
#  Timestep    No_Moles    No_Specs          H2          HO         H2O       C10O5          O2
     126200           8           5           3           2           1           1           1
#  Timestep    No_Moles    No_Specs          H2          HO         H2O       C10O5          O2
     126300           8           5           3           2           1           1           1
#  Timestep    No_Moles    No_Specs          H2          HO         H2O       C10O5          O2
     126400           8           5           3           2           1           1           1
#  Timestep    No_Moles    No_Specs          H2          HO         H2O       C10O5          O2
     126500           8           5           3           2           1           1           1
#  Timestep    No_Moles    No_Specs          H2          HO         H2O       C10O5          O2
     126600           8           5           3           2           1           1           1
#  Timestep    No_Moles    No_Specs          H2          HO         H2O       C10O5          O2
     126700           8           5           3           2           1           1           1
#  Timestep    No_Moles    No_Specs          H2          HO         H2O       C10O5          O2
     126800           8           5           3           2           1           1           1
#  Timestep    No_Moles    No_Specs          H2          HO         H2O       C10O5          O2
     126900           8           5           3           2           1           1           1
#  Timestep    No_Moles    No_Specs          H2          HO         H2O       C10O5          O2
     127000           8           5           3           2           1           1           1
#  Timestep    No_Moles    No_Specs          H2          HO         H2O       C10O5          O2
     127100           8           5           3           2           1           1           1
#  Timestep    No_Moles    No_Specs          H2          HO         H2O       C10O5          O2
     127200           8           5           3           2           1           1           1
#  Timestep    No_Moles    No_Specs          H2          HO         H2O       C10O5          O2
     127300           8           5           3           2           1           1           1
#  Timestep    No_Moles    No_Specs          H2          HO         H2O       C10O5          O2
     127400           8           5           3           2           1           1           1
#  Timestep    No_Moles    No_Specs          H2          HO         H2O       C10O5          O2
     127500           8           5           3           2           1           1           1
#  Timestep    No_Moles    No_Specs          H2          HO         H2O       C10O5          O2
     127600           8           5           3           2           1           1           1
#  Timestep    No_Moles    No_Specs          H2          HO         H2O       C10O5          O2
     127700           8           5           3           2           1           1           1
#  Timestep    No_Moles    No_Specs          H2          HO         H2O       C10O5          O2
     127800           8           5           3           2           1           1           1
#  Timestep    No_Moles    No_Specs          H2          HO         H2O       C10O5          O2
     127900           8           5           3           2           1           1           1
#  Timestep    No_Moles    No_Specs          H2          HO         H2O       C10O5          O2
     128000           8           5           3           2           1           1           1
#  Timestep    No_Moles    No_Specs          H2          HO         H2O       C10O5          O2
     128100           8           5           3           2           1           1           1
#  Timestep    No_Moles    No_Specs          H2          HO         H2O       C10O5          O2
     128200           8           5           3           2           1           1           1
#  Timestep    No_Moles    No_Specs          H2          HO         H2O       C10O5          O2
     128300           8           5           3           2           1           1           1
#  Timestep    No_Moles    No_Specs          H2          HO         H2O       C10O5          O2
     128400           8           5           3           2           1           1           1
#  Timestep    No_Moles    No_Specs          H2          HO         H2O       C10O5          O2
     128500           8           5           3           2           1           1           1
#  Timestep    No_Moles    No_Specs          H2          HO         H2O       C10O5          O2
     128600           8           5           3           2           1           1           1
#  Timestep    No_Moles    No_Specs          H2          HO         H2O       C10O5          O2
     128700           8           5           3           2           1           1           1
#  Timestep    No_Moles    No_Specs          H2          HO         H2O       C10O5          O2
     128800           8           5           3           2           1           1           1
#  Timestep    No_Moles    No_Specs          H2          HO         H2O       C10O5          O2
     128900           8           5           3           2           1           1           1
#  Timestep    No_Moles    No_Specs          H2          HO         H2O       C10O5          O2
     129000           8           5           3           2           1           1           1
#  Timestep    No_Moles    No_Specs          H2          HO         H2O       C10O5          O2
     129100           8           5           3           2           1           1           1
#  Timestep    No_Moles    No_Specs          H2          HO         H2O       C10O5          O2
     129200           8           5           3           2           1           1           1
#  Timestep    No_Moles    No_Specs          H2          HO         H2O       C10O5          O2
     129300           8           5           3           2           1           1           1
#  Timestep    No_Moles    No_Specs          H2          HO         H2O       C10O5          O2
     129400           8           5           3           2           1           1           1
#  Timestep    No_Moles    No_Specs          H2          HO         H2O       C10O5          O2
     129500           8           5           3           2           1           1           1
#  Timestep    No_Moles    No_Specs          H2          HO         H2O       C10O5          O2
     129600           8           5           3           2           1           1           1
#  Timestep    No_Moles    No_Specs          H2          HO         H2O       C10O5          O2
     129700           8           5           3           2           1           1           1
#  Timestep    No_Moles    No_Specs          H2          HO         H2O       C10O5          O2
     129800           8           5           3           2           1           1           1
#  Timestep    No_Moles    No_Specs          H2          HO         H2O       C10O5          O2
     129900           8           5           3           2           1           1           1
#  Timestep    No_Moles    No_Specs          H2          HO         H2O       C10O5          O2
     130000           8           5           3           2           1           1           1
#  Timestep    No_Moles    No_Specs          H2          HO         H2O       C10O5          O2
     130100           8           5           3           2           1           1           1
#  Timestep    No_Moles    No_Specs          H2          HO         H2O       C10O5          O2
     130200           8           5           3           2           1           1           1
#  Timestep    No_Moles    No_Specs          H2          HO         H2O       C10O5          O2
     130300           8           5           3           2           1           1           1
#  Timestep    No_Moles    No_Specs          H2          HO         H2O       C10O5          O2
     130400           8           5           3           2           1           1           1
#  Timestep    No_Moles    No_Specs          H2          HO         H2O       C10O5          O2
     130500           8           5           3           2           1           1           1
#  Timestep    No_Moles    No_Specs          H2          HO         H2O       C10O5          O2
     130600           8           5           3           2           1           1           1
#  Timestep    No_Moles    No_Specs          H2          HO         H2O       C10O5          O2
     130700           8           5           3           2           1           1           1
#  Timestep    No_Moles    No_Specs          H2          HO         H2O       C10O5          O2
     130800           8           5           3           2           1           1           1
#  Timestep    No_Moles    No_Specs          H2          HO         H2O       C10O5          O2
     130900           8           5           3           2           1           1           1
#  Timestep    No_Moles    No_Specs          H2          HO         H2O       C10O5          O2
     131000           8           5           3           2           1           1           1
#  Timestep    No_Moles    No_Specs          H2          HO         H2O       C10O5          O2
     131100           8           5           3           2           1           1           1
#  Timestep    No_Moles    No_Specs          H2          HO         H2O       C10O5          O2
     131200           8           5           3           2           1           1           1
#  Timestep    No_Moles    No_Specs          H2          HO         H2O       C10O5          O2
     131300           8           5           3           2           1           1           1
#  Timestep    No_Moles    No_Specs          H2          HO         H2O       C10O5          O2
     131400           8           5           3           2           1           1           1
#  Timestep    No_Moles    No_Specs          H2          HO         H2O       C10O5          O2
     131500           8           5           3           2           1           1           1
#  Timestep    No_Moles    No_Specs          H2          HO         H2O       C10O5          O2
     131600           8           5           3           2           1           1           1
#  Timestep    No_Moles    No_Specs          H2          HO         H2O       C10O5          O2
     131700           8           5           3           2           1           1           1
#  Timestep    No_Moles    No_Specs          H2          HO         H2O       C10O5          O2
     131800           8           5           3           2           1           1           1
#  Timestep    No_Moles    No_Specs          H2          HO         H2O       C10O5          O2
     131900           8           5           3           2           1           1           1
#  Timestep    No_Moles    No_Specs          H2          HO         H2O       C10O5          O2
     132000           8           5           3           2           1           1           1
#  Timestep    No_Moles    No_Specs          H2          HO         H2O       C10O5          O2
     132100           8           5           3           2           1           1           1
#  Timestep    No_Moles    No_Specs          H2          HO         H2O       C10O5          O2
     132200           8           5           3           2           1           1           1
#  Timestep    No_Moles    No_Specs          H2          HO         H2O       C10O5          O2
     132300           8           5           3           2           1           1           1
#  Timestep    No_Moles    No_Specs          H2          HO         H2O       C10O5          O2
     132400           8           5           3           2           1           1           1
#  Timestep    No_Moles    No_Specs          H2          HO         H2O       C10O5          O2
     132500           8           5           3           2           1           1           1
#  Timestep    No_Moles    No_Specs          H2          HO         H2O       C10O5          O2
     132600           8           5           3           2           1           1           1
#  Timestep    No_Moles    No_Specs          H2          HO         H2O       C10O5          O2
     132700           8           5           3           2           1           1           1
#  Timestep    No_Moles    No_Specs          H2          HO         H2O       C10O5          O2
     132800           8           5           3           2           1           1           1
#  Timestep    No_Moles    No_Specs          H2          HO         H2O       C10O5          O2
     132900           8           5           3           2           1           1           1
#  Timestep    No_Moles    No_Specs          H2          HO         H2O       C10O5          O2
     133000           8           5           3           2           1           1           1
#  Timestep    No_Moles    No_Specs          H2          HO         H2O       C10O5          O2
     133100           8           5           3           2           1           1           1
#  Timestep    No_Moles    No_Specs          H2          HO         H2O       C10O5          O2
     133200           8           5           3           2           1           1           1
#  Timestep    No_Moles    No_Specs          H2          HO         H2O       C10O5          O2
     133300           8           5           3           2           1           1           1
#  Timestep    No_Moles    No_Specs          H2          HO         H2O       C10O5          O2
     133400           8           5           3           2           1           1           1
#  Timestep    No_Moles    No_Specs          H2          HO         H2O       C10O5          O2
     133500           8           5           3           2           1           1           1
#  Timestep    No_Moles    No_Specs          H2          HO         H2O       C10O5          O2
     133600           8           5           3           2           1           1           1
#  Timestep    No_Moles    No_Specs          H2          HO         H2O       C10O5          O2
     133700           8           5           3           2           1           1           1
#  Timestep    No_Moles    No_Specs          H2          HO         H2O       C10O5          O2
     133800           8           5           3           2           1           1           1
#  Timestep    No_Moles    No_Specs          H2          HO         H2O       C10O5          O2
     133900           8           5           3           2           1           1           1
#  Timestep    No_Moles    No_Specs          H2          HO         H2O       C10O5          O2
     134000           8           5           3           2           1           1           1
#  Timestep    No_Moles    No_Specs          H2          HO         H2O       C10O5          O2
     134100           8           5           3           2           1           1           1
#  Timestep    No_Moles    No_Specs          H2          HO         H2O       C10O5          O2
     134200           8           5           3           2           1           1           1
#  Timestep    No_Moles    No_Specs          H2          HO         H2O       C10O5          O2
     134300           8           5           3           2           1           1           1
#  Timestep    No_Moles    No_Specs          H2          HO         H2O       C10O5          O2
     134400           8           5           3           2           1           1           1
#  Timestep    No_Moles    No_Specs          H2          HO         H2O       C10O5          O2
     134500           8           5           3           2           1           1           1
#  Timestep    No_Moles    No_Specs          H2          HO         H2O       C10O5          O2
     134600           8           5           3           2           1           1           1
#  Timestep    No_Moles    No_Specs          H2          HO         H2O       C10O5          O2
     134700           8           5           3           2           1           1           1
#  Timestep    No_Moles    No_Specs          H2          HO         H2O       C10O5          O2
     134800           8           5           3           2           1           1           1
#  Timestep    No_Moles    No_Specs          H2          HO         H2O       C10O5          O2
     134900           8           5           3           2           1           1           1
#  Timestep    No_Moles    No_Specs          H2          HO         H2O       C10O5          O2
     135000           8           5           3           2           1           1           1
#  Timestep    No_Moles    No_Specs          H2          HO         H2O       C10O5          O2
     135100           8           5           3           2           1           1           1
#  Timestep    No_Moles    No_Specs          H2          HO         H2O       C10O5          O2
     135200           8           5           3           2           1           1           1
#  Timestep    No_Moles    No_Specs          H2          HO         H2O       C10O5          O2
     135300           8           5           3           2           1           1           1
#  Timestep    No_Moles    No_Specs          H2          HO         H2O       C10O5          O2
     135400           8           5           3           2           1           1           1
#  Timestep    No_Moles    No_Specs          H2          HO         H2O       C10O5          O2
     135500           8           5           3           2           1           1           1
#  Timestep    No_Moles    No_Specs          H2          HO         H2O       C10O5          O2
     135600           8           5           3           2           1           1           1
#  Timestep    No_Moles    No_Specs          H2          HO         H2O       C10O5          O2
     135700           8           5           3           2           1           1           1
#  Timestep    No_Moles    No_Specs          H2          HO         H2O       C10O5          O2
     135800           8           5           3           2           1           1           1
#  Timestep    No_Moles    No_Specs          H2          HO         H2O       C10O5          O2
     135900           8           5           3           2           1           1           1
#  Timestep    No_Moles    No_Specs          H2          HO         H2O       C10O5          O2
     136000           8           5           3           2           1           1           1
#  Timestep    No_Moles    No_Specs          H2          HO         H2O       C10O5          O2
     136100           8           5           3           2           1           1           1
#  Timestep    No_Moles    No_Specs          H2          HO         H2O       C10O5          O2
     136200           8           5           3           2           1           1           1
#  Timestep    No_Moles    No_Specs          H2          HO         H2O       C10O5          O2
     136300           8           5           3           2           1           1           1
#  Timestep    No_Moles    No_Specs          H2          HO         H2O       C10O5          O2
     136400           8           5           3           2           1           1           1
#  Timestep    No_Moles    No_Specs          H2          HO         H2O       C10O5          O2
     136500           8           5           3           2           1           1           1
#  Timestep    No_Moles    No_Specs          H2          HO         H2O       C10O5          O2
     136600           8           5           3           2           1           1           1
#  Timestep    No_Moles    No_Specs          H2          HO         H2O       C10O5          O2
     136700           8           5           3           2           1           1           1
#  Timestep    No_Moles    No_Specs          H2          HO         H2O       C10O5          O2
     136800           8           5           3           2           1           1           1
#  Timestep    No_Moles    No_Specs          H2          HO         H2O       C10O5          O2
     136900           8           5           3           2           1           1           1
#  Timestep    No_Moles    No_Specs          H2          HO         H2O       C10O5          O2
     137000           8           5           3           2           1           1           1
#  Timestep    No_Moles    No_Specs          H2          HO         H2O       C10O5          O2
     137100           8           5           3           2           1           1           1
#  Timestep    No_Moles    No_Specs          H2          HO         H2O       C10O5          O2
     137200           8           5           3           2           1           1           1
#  Timestep    No_Moles    No_Specs          H2          HO         H2O       C10O5          O2
     137300           8           5           3           2           1           1           1
#  Timestep    No_Moles    No_Specs          H2          HO         H2O       C10O5          O2
     137400           8           5           3           2           1           1           1
#  Timestep    No_Moles    No_Specs          H2          HO         H2O       C10O5          O2
     137500           8           5           3           2           1           1           1
#  Timestep    No_Moles    No_Specs          H2          HO         H2O       C10O5          O2
     137600           8           5           3           2           1           1           1
#  Timestep    No_Moles    No_Specs          H2          HO         H2O       C10O5          O2
     137700           8           5           3           2           1           1           1
#  Timestep    No_Moles    No_Specs          H2          HO         H2O       C10O5          O2
     137800           8           5           3           2           1           1           1
#  Timestep    No_Moles    No_Specs          H2          HO         H2O       C10O5          O2
     137900           8           5           3           2           1           1           1
#  Timestep    No_Moles    No_Specs          H2          HO         H2O       C10O5          O2
     138000           8           5           3           2           1           1           1
#  Timestep    No_Moles    No_Specs          H2          HO         H2O       C10O5          O2
     138100           8           5           3           2           1           1           1
#  Timestep    No_Moles    No_Specs          H2          HO         H2O       C10O5          O2
     138200           8           5           3           2           1           1           1
#  Timestep    No_Moles    No_Specs          H2          HO         H2O       C10O5          O2
     138300           8           5           3           2           1           1           1
#  Timestep    No_Moles    No_Specs          H2          HO         H2O       C10O5          O2
     138400           8           5           3           2           1           1           1
#  Timestep    No_Moles    No_Specs          H2          HO         H2O       C10O5          O2
     138500           8           5           3           2           1           1           1
#  Timestep    No_Moles    No_Specs          H2          HO         H2O       C10O5          O2
     138600           8           5           3           2           1           1           1
#  Timestep    No_Moles    No_Specs          H2          HO         H2O       C10O5          O2
     138700           8           5           3           2           1           1           1
#  Timestep    No_Moles    No_Specs          H2          HO         H2O       C10O5          O2
     138800           8           5           3           2           1           1           1
#  Timestep    No_Moles    No_Specs          H2          HO         H2O       C10O5          O2
     138900           8           5           3           2           1           1           1
#  Timestep    No_Moles    No_Specs          H2          HO         H2O       C10O5          O2
     139000           8           5           3           2           1           1           1
#  Timestep    No_Moles    No_Specs          H2          HO         H2O       C10O5          O2
     139100           8           5           3           2           1           1           1
#  Timestep    No_Moles    No_Specs          H2          HO         H2O       C10O5          O2
     139200           8           5           3           2           1           1           1
#  Timestep    No_Moles    No_Specs          H2          HO         H2O       C10O5          O2
     139300           8           5           3           2           1           1           1
#  Timestep    No_Moles    No_Specs          H2          HO         H2O       C10O5          O2
     139400           8           5           3           2           1           1           1
#  Timestep    No_Moles    No_Specs          H2          HO         H2O       C10O5          O2
     139500           8           5           3           2           1           1           1
#  Timestep    No_Moles    No_Specs          H2          HO         H2O       C10O5          O2
     139600           8           5           3           2           1           1           1
#  Timestep    No_Moles    No_Specs          H2          HO         H2O       C10O5          O2
     139700           8           5           3           2           1           1           1
#  Timestep    No_Moles    No_Specs          H2          HO         H2O       C10O5          O2
     139800           8           5           3           2           1           1           1
#  Timestep    No_Moles    No_Specs          H2          HO         H2O       C10O5          O2
     139900           8           5           3           2           1           1           1
#  Timestep    No_Moles    No_Specs          H2          HO         H2O       C10O5          O2
     140000           8           5           3           2           1           1           1
#  Timestep    No_Moles    No_Specs          H2          HO         H2O       C10O5          O2
     140100           8           5           3           2           1           1           1
#  Timestep    No_Moles    No_Specs          H2          HO         H2O       C10O5          O2
     140200           8           5           3           2           1           1           1
#  Timestep    No_Moles    No_Specs          H2          HO         H2O       C10O5          O2
     140300           8           5           3           2           1           1           1
#  Timestep    No_Moles    No_Specs          H2          HO         H2O       C10O5          O2
     140400           8           5           3           2           1           1           1
#  Timestep    No_Moles    No_Specs          H2          HO         H2O       C10O5          O2
     140500           8           5           3           2           1           1           1
#  Timestep    No_Moles    No_Specs          H2          HO         H2O       C10O5          O2
     140600           8           5           3           2           1           1           1
#  Timestep    No_Moles    No_Specs          H2          HO         H2O       C10O5          O2
     140700           8           5           3           2           1           1           1
#  Timestep    No_Moles    No_Specs          H2          HO         H2O       C10O5          O2
     140800           8           5           3           2           1           1           1
#  Timestep    No_Moles    No_Specs          H2          HO         H2O       C10O5          O2
     140900           8           5           3           2           1           1           1
#  Timestep    No_Moles    No_Specs          H2          HO         H2O       C10O5          O2
     141000           8           5           3           2           1           1           1
#  Timestep    No_Moles    No_Specs          H2          HO         H2O       C10O5          O2
     141100           8           5           3           2           1           1           1
#  Timestep    No_Moles    No_Specs          H2          HO         H2O       C10O5          O2
     141200           8           5           3           2           1           1           1
#  Timestep    No_Moles    No_Specs          H2          HO         H2O       C10O5          O2
     141300           8           5           3           2           1           1           1
#  Timestep    No_Moles    No_Specs          H2          HO         H2O       C10O5          O2
     141400           8           5           3           2           1           1           1
#  Timestep    No_Moles    No_Specs          H2          HO         H2O       C10O5          O2
     141500           8           5           3           2           1           1           1
#  Timestep    No_Moles    No_Specs          H2          HO         H2O       C10O5          O2
     141600           8           5           3           2           1           1           1
#  Timestep    No_Moles    No_Specs          H2          HO         H2O       C10O5          O2
     141700           8           5           3           2           1           1           1
#  Timestep    No_Moles    No_Specs          H2          HO         H2O       C10O5          O2
     141800           8           5           3           2           1           1           1
#  Timestep    No_Moles    No_Specs          H2          HO         H2O       C10O5          O2
     141900           8           5           3           2           1           1           1
#  Timestep    No_Moles    No_Specs          H2          HO         H2O       C10O5          O2
     142000           8           5           3           2           1           1           1
#  Timestep    No_Moles    No_Specs          H2          HO         H2O       C10O5          O2
     142100           8           5           3           2           1           1           1
#  Timestep    No_Moles    No_Specs          H2          HO         H2O       C10O5          O2
     142200           8           5           3           2           1           1           1
#  Timestep    No_Moles    No_Specs          H2          HO         H2O       C10O5          O2
     142300           8           5           3           2           1           1           1
#  Timestep    No_Moles    No_Specs          H2          HO         H2O       C10O5          O2
     142400           8           5           3           2           1           1           1
#  Timestep    No_Moles    No_Specs          H2          HO         H2O       C10O5          O2
     142500           8           5           3           2           1           1           1
#  Timestep    No_Moles    No_Specs          H2          HO         H2O       C10O5          O2
     142600           8           5           3           2           1           1           1
#  Timestep    No_Moles    No_Specs          H2          HO         H2O       C10O5          O2
     142700           8           5           3           2           1           1           1
#  Timestep    No_Moles    No_Specs          H2          HO         H2O       C10O5          O2
     142800           8           5           3           2           1           1           1
#  Timestep    No_Moles    No_Specs          H2          HO         H2O       C10O5          O2
     142900           8           5           3           2           1           1           1
#  Timestep    No_Moles    No_Specs          H2          HO         H2O       C10O5          O2
     143000           8           5           3           2           1           1           1
#  Timestep    No_Moles    No_Specs          H2          HO         H2O       C10O5          O2
     143100           8           5           3           2           1           1           1
#  Timestep    No_Moles    No_Specs          H2          HO         H2O       C10O5          O2
     143200           8           5           3           2           1           1           1
#  Timestep    No_Moles    No_Specs          H2          HO         H2O       C10O5          O2
     143300           8           5           3           2           1           1           1
#  Timestep    No_Moles    No_Specs          H2          HO         H2O       C10O5          O2
     143400           8           5           3           2           1           1           1
#  Timestep    No_Moles    No_Specs          H2          HO         H2O       C10O5          O2
     143500           8           5           3           2           1           1           1
#  Timestep    No_Moles    No_Specs          H2          HO         H2O       C10O5          O2
     143600           8           5           3           2           1           1           1
#  Timestep    No_Moles    No_Specs          H2          HO         H2O       C10O5          O2
     143700           8           5           3           2           1           1           1
#  Timestep    No_Moles    No_Specs          H2          HO         H2O       C10O5          O2
     143800           8           5           3           2           1           1           1
#  Timestep    No_Moles    No_Specs          H2          HO         H2O       C10O5          O2
     143900           8           5           3           2           1           1           1
#  Timestep    No_Moles    No_Specs          H2          HO         H2O       C10O5          O2
     144000           8           5           3           2           1           1           1
#  Timestep    No_Moles    No_Specs          H2          HO         H2O       C10O5          O2
     144100           8           5           3           2           1           1           1
#  Timestep    No_Moles    No_Specs          H2          HO         H2O       C10O5          O2
     144200           8           5           3           2           1           1           1
#  Timestep    No_Moles    No_Specs          H2          HO         H2O       C10O5          O2
     144300           8           5           3           2           1           1           1
#  Timestep    No_Moles    No_Specs          H2          HO         H2O       C10O5          O2
     144400           8           5           3           2           1           1           1
#  Timestep    No_Moles    No_Specs          H2          HO         H2O       C10O5          O2
     144500           8           5           3           2           1           1           1
#  Timestep    No_Moles    No_Specs          H2          HO         H2O       C10O5          O2
     144600           8           5           3           2           1           1           1
#  Timestep    No_Moles    No_Specs          H2          HO         H2O       C10O5          O2
     144700           8           5           3           2           1           1           1
#  Timestep    No_Moles    No_Specs          H2          HO         H2O       C10O5          O2
     144800           8           5           3           2           1           1           1
#  Timestep    No_Moles    No_Specs          H2          HO         H2O       C10O5          O2
     144900           8           5           3           2           1           1           1
#  Timestep    No_Moles    No_Specs          H2          HO         H2O       C10O5          O2
     145000           8           5           3           2           1           1           1
#  Timestep    No_Moles    No_Specs          H2          HO         H2O       C10O5          O2
     145100           8           5           3           2           1           1           1
#  Timestep    No_Moles    No_Specs          H2          HO         H2O       C10O5          O2
     145200           8           5           3           2           1           1           1
#  Timestep    No_Moles    No_Specs          H2          HO         H2O       C10O5          O2
     145300           8           5           3           2           1           1           1
#  Timestep    No_Moles    No_Specs          H2          HO         H2O       C10O5          O2
     145400           8           5           3           2           1           1           1
#  Timestep    No_Moles    No_Specs          H2          HO         H2O       C10O5          O2
     145500           8           5           3           2           1           1           1
#  Timestep    No_Moles    No_Specs          H2          HO         H2O       C10O5          O2
     145600           8           5           3           2           1           1           1
#  Timestep    No_Moles    No_Specs          H2          HO         H2O       C10O5          O2
     145700           8           5           3           2           1           1           1
#  Timestep    No_Moles    No_Specs          H2          HO         H2O       C10O5          O2
     145800           8           5           3           2           1           1           1
#  Timestep    No_Moles    No_Specs          H2          HO         H2O       C10O5          O2
     145900           8           5           3           2           1           1           1
#  Timestep    No_Moles    No_Specs          H2          HO         H2O       C10O5          O2
     146000           8           5           3           2           1           1           1
#  Timestep    No_Moles    No_Specs          H2          HO         H2O       C10O5          O2
     146100           8           5           3           2           1           1           1
#  Timestep    No_Moles    No_Specs          H2          HO         H2O       C10O5          O2
     146200           8           5           3           2           1           1           1
#  Timestep    No_Moles    No_Specs          H2          HO         H2O       C10O5          O2
     146300           8           5           3           2           1           1           1
#  Timestep    No_Moles    No_Specs          H2          HO         H2O       C10O5          O2
     146400           8           5           3           2           1           1           1
#  Timestep    No_Moles    No_Specs          H2          HO         H2O       C10O5          O2
     146500           8           5           3           2           1           1           1
#  Timestep    No_Moles    No_Specs          H2          HO         H2O       C10O5          O2
     146600           8           5           3           2           1           1           1
#  Timestep    No_Moles    No_Specs          H2          HO         H2O       C10O5          O2
     146700           8           5           3           2           1           1           1
#  Timestep    No_Moles    No_Specs          H2          HO         H2O       C10O5          O2
     146800           8           5           3           2           1           1           1
#  Timestep    No_Moles    No_Specs          H2          HO         H2O       C10O5          O2
     146900           8           5           3           2           1           1           1
#  Timestep    No_Moles    No_Specs          H2          HO         H2O       C10O5          O2
     147000           8           5           3           2           1           1           1
#  Timestep    No_Moles    No_Specs          H2          HO         H2O       C10O5          O2
     147100           8           5           3           2           1           1           1
#  Timestep    No_Moles    No_Specs          H2          HO         H2O       C10O5          O2
     147200           8           5           3           2           1           1           1
#  Timestep    No_Moles    No_Specs          H2          HO         H2O       C10O5          O2
     147300           8           5           3           2           1           1           1
#  Timestep    No_Moles    No_Specs          H2          HO         H2O       C10O5          O2
     147400           8           5           3           2           1           1           1
#  Timestep    No_Moles    No_Specs          H2          HO         H2O       C10O5          O2
     147500           8           5           3           2           1           1           1
#  Timestep    No_Moles    No_Specs          H2          HO         H2O       C10O5          O2
     147600           8           5           3           2           1           1           1
#  Timestep    No_Moles    No_Specs          H2          HO         H2O       C10O5          O2
     147700           8           5           3           2           1           1           1
#  Timestep    No_Moles    No_Specs          H2          HO         H2O       C10O5          O2
     147800           8           5           3           2           1           1           1
#  Timestep    No_Moles    No_Specs          H2          HO         H2O       C10O5          O2
     147900           8           5           3           2           1           1           1
#  Timestep    No_Moles    No_Specs          H2          HO         H2O       C10O5          O2
     148000           8           5           3           2           1           1           1
#  Timestep    No_Moles    No_Specs          H2          HO         H2O       C10O5          O2
     148100           8           5           3           2           1           1           1
#  Timestep    No_Moles    No_Specs          H2          HO         H2O       C10O5          O2
     148200           8           5           3           2           1           1           1
#  Timestep    No_Moles    No_Specs          H2          HO         H2O       C10O5          O2
     148300           8           5           3           2           1           1           1
#  Timestep    No_Moles    No_Specs          H2          HO         H2O       C10O5          O2
     148400           8           5           3           2           1           1           1
#  Timestep    No_Moles    No_Specs          H2          HO         H2O       C10O5          O2
     148500           8           5           3           2           1           1           1
#  Timestep    No_Moles    No_Specs          H2          HO         H2O       C10O5          O2
     148600           8           5           3           2           1           1           1
#  Timestep    No_Moles    No_Specs          H2          HO         H2O       C10O5          O2
     148700           8           5           3           2           1           1           1
#  Timestep    No_Moles    No_Specs          H2          HO         H2O       C10O5          O2
     148800           8           5           3           2           1           1           1
#  Timestep    No_Moles    No_Specs          H2          HO         H2O       C10O5          O2
     148900           8           5           3           2           1           1           1
#  Timestep    No_Moles    No_Specs          H2          HO         H2O       C10O5          O2
     149000           8           5           3           2           1           1           1
#  Timestep    No_Moles    No_Specs          H2          HO         H2O       C10O5          O2
     149100           8           5           3           2           1           1           1
#  Timestep    No_Moles    No_Specs          H2          HO         H2O       C10O5          O2
     149200           8           5           3           2           1           1           1
#  Timestep    No_Moles    No_Specs          H2          HO         H2O       C10O5          O2
     149300           8           5           3           2           1           1           1
#  Timestep    No_Moles    No_Specs          H2          HO         H2O       C10O5          O2
     149400           8           5           3           2           1           1           1
#  Timestep    No_Moles    No_Specs          H2          HO         H2O       C10O5          O2
     149500           8           5           3           2           1           1           1
#  Timestep    No_Moles    No_Specs          H2          HO         H2O       C10O5          O2
     149600           8           5           3           2           1           1           1
#  Timestep    No_Moles    No_Specs          H2          HO         H2O       C10O5          O2
     149700           8           5           3           2           1           1           1
#  Timestep    No_Moles    No_Specs          H2          HO         H2O       C10O5          O2
     149800           8           5           3           2           1           1           1
#  Timestep    No_Moles    No_Specs          H2          HO         H2O       C10O5          O2
     149900           8           5           3           2           1           1           1
#  Timestep    No_Moles    No_Specs          H2          HO         H2O       C10O5          O2
     150000           8           5           3           2           1           1           1
#  Timestep    No_Moles    No_Specs          H2          HO         H2O       C10O5          O2
     150100           8           5           3           2           1           1           1
#  Timestep    No_Moles    No_Specs          H2          HO         H2O       C10O5          O2
     150200           8           5           3           2           1           1           1
#  Timestep    No_Moles    No_Specs          H2          HO         H2O       C10O5          O2
     150300           8           5           3           2           1           1           1
#  Timestep    No_Moles    No_Specs          H2          HO         H2O       C10O5          O2
     150400           8           5           3           2           1           1           1
#  Timestep    No_Moles    No_Specs          H2          HO         H2O       C10O5          O2
     150500           8           5           3           2           1           1           1
#  Timestep    No_Moles    No_Specs          H2          HO         H2O       C10O5          O2
     150600           8           5           3           2           1           1           1
#  Timestep    No_Moles    No_Specs          H2          HO         H2O       C10O5          O2
     150700           8           5           3           2           1           1           1
#  Timestep    No_Moles    No_Specs          H2          HO         H2O       C10O5          O2
     150800           8           5           3           2           1           1           1
#  Timestep    No_Moles    No_Specs          H2          HO         H2O       C10O5          O2
     150900           8           5           3           2           1           1           1
#  Timestep    No_Moles    No_Specs          H2          HO         H2O       C10O5          O2
     151000           8           5           3           2           1           1           1
#  Timestep    No_Moles    No_Specs          H2          HO         H2O       C10O5          O2
     151100           8           5           3           2           1           1           1
#  Timestep    No_Moles    No_Specs          H2          HO         H2O       C10O5          O2
     151200           8           5           3           2           1           1           1
#  Timestep    No_Moles    No_Specs          H2          HO         H2O       C10O5          O2
     151300           8           5           3           2           1           1           1
#  Timestep    No_Moles    No_Specs          H2          HO         H2O       C10O5          O2
     151400           8           5           3           2           1           1           1
#  Timestep    No_Moles    No_Specs          H2          HO         H2O       C10O5          O2
     151500           8           5           3           2           1           1           1
#  Timestep    No_Moles    No_Specs          H2          HO         H2O       C10O5          O2
     151600           8           5           3           2           1           1           1
#  Timestep    No_Moles    No_Specs          H2          HO         H2O       C10O5          O2
     151700           8           5           3           2           1           1           1
#  Timestep    No_Moles    No_Specs          H2          HO         H2O       C10O5          O2
     151800           8           5           3           2           1           1           1
#  Timestep    No_Moles    No_Specs          H2          HO         H2O       C10O5          O2
     151900           8           5           3           2           1           1           1
#  Timestep    No_Moles    No_Specs          H2          HO         H2O       C10O5          O2
     152000           8           5           3           2           1           1           1
#  Timestep    No_Moles    No_Specs          H2          HO         H2O       C10O5          O2
     152100           8           5           3           2           1           1           1
#  Timestep    No_Moles    No_Specs          H2          HO         H2O       C10O5          O2
     152200           8           5           3           2           1           1           1
#  Timestep    No_Moles    No_Specs          H2          HO         H2O       C10O5          O2
     152300           8           5           3           2           1           1           1
#  Timestep    No_Moles    No_Specs          H2          HO         H2O       C10O5          O2
     152400           8           5           3           2           1           1           1
#  Timestep    No_Moles    No_Specs          H2          HO         H2O       C10O5          O2
     152500           8           5           3           2           1           1           1
#  Timestep    No_Moles    No_Specs          H2          HO         H2O       C10O5          O2
     152600           8           5           3           2           1           1           1
#  Timestep    No_Moles    No_Specs          H2          HO         H2O       C10O5          O2
     152700           8           5           3           2           1           1           1
#  Timestep    No_Moles    No_Specs          H2          HO         H2O       C10O5          O2
     152800           8           5           3           2           1           1           1
#  Timestep    No_Moles    No_Specs          H2          HO         H2O       C10O5          O2
     152900           8           5           3           2           1           1           1
#  Timestep    No_Moles    No_Specs          H2          HO         H2O       C10O5          O2
     153000           8           5           3           2           1           1           1
#  Timestep    No_Moles    No_Specs          H2          HO         H2O       C10O5          O2
     153100           8           5           3           2           1           1           1
#  Timestep    No_Moles    No_Specs          H2          HO         H2O       C10O5          O2
     153200           8           5           3           2           1           1           1
#  Timestep    No_Moles    No_Specs          H2          HO         H2O       C10O5          O2
     153300           8           5           3           2           1           1           1
#  Timestep    No_Moles    No_Specs          H2          HO         H2O       C10O5          O2
     153400           8           5           3           2           1           1           1
#  Timestep    No_Moles    No_Specs          H2          HO         H2O       C10O5          O2
     153500           8           5           3           2           1           1           1
#  Timestep    No_Moles    No_Specs          H2          HO         H2O       C10O5          O2
     153600           8           5           3           2           1           1           1
#  Timestep    No_Moles    No_Specs          H2          HO         H2O       C10O5          O2
     153700           8           5           3           2           1           1           1
#  Timestep    No_Moles    No_Specs          H2          HO         H2O       C10O5          O2
     153800           8           5           3           2           1           1           1
#  Timestep    No_Moles    No_Specs          H2          HO         H2O       C10O5          O2
     153900           8           5           3           2           1           1           1
#  Timestep    No_Moles    No_Specs          H2          HO         H2O       C10O5          O2
     154000           8           5           3           2           1           1           1
#  Timestep    No_Moles    No_Specs          H2          HO         H2O       C10O5          O2
     154100           8           5           3           2           1           1           1
#  Timestep    No_Moles    No_Specs          H2          HO         H2O       C10O5          O2
     154200           8           5           3           2           1           1           1
#  Timestep    No_Moles    No_Specs          H2          HO         H2O       C10O5          O2
     154300           8           5           3           2           1           1           1
#  Timestep    No_Moles    No_Specs          H2          HO         H2O       C10O5          O2
     154400           8           5           3           2           1           1           1
#  Timestep    No_Moles    No_Specs          H2          HO         H2O       C10O5          O2
     154500           8           5           3           2           1           1           1
#  Timestep    No_Moles    No_Specs          H2          HO         H2O       C10O5          O2
     154600           8           5           3           2           1           1           1
#  Timestep    No_Moles    No_Specs          H2          HO         H2O       C10O5          O2
     154700           8           5           3           2           1           1           1
#  Timestep    No_Moles    No_Specs          H2          HO         H2O       C10O5          O2
     154800           8           5           3           2           1           1           1
#  Timestep    No_Moles    No_Specs          H2          HO         H2O       C10O5          O2
     154900           8           5           3           2           1           1           1
#  Timestep    No_Moles    No_Specs          H2          HO         H2O       C10O5          O2
     155000           8           5           3           2           1           1           1
#  Timestep    No_Moles    No_Specs          H2          HO         H2O       C10O5          O2
     155100           8           5           3           2           1           1           1
#  Timestep    No_Moles    No_Specs          H2          HO         H2O       C10O5          O2
     155200           8           5           3           2           1           1           1
#  Timestep    No_Moles    No_Specs          H2          HO         H2O       C10O5          O2
     155300           8           5           3           2           1           1           1
#  Timestep    No_Moles    No_Specs          H2          HO         H2O       C10O5          O2
     155400           8           5           3           2           1           1           1
#  Timestep    No_Moles    No_Specs          H2          HO         H2O       C10O5          O2
     155500           8           5           3           2           1           1           1
#  Timestep    No_Moles    No_Specs          H2          HO         H2O       C10O5          O2
     155600           8           5           3           2           1           1           1
#  Timestep    No_Moles    No_Specs          H2          HO         H2O       C10O5          O2
     155700           8           5           3           2           1           1           1
#  Timestep    No_Moles    No_Specs          H2          HO         H2O       C10O5          O2
     155800           8           5           3           2           1           1           1
#  Timestep    No_Moles    No_Specs          H2          HO         H2O       C10O5          O2
     155900           8           5           3           2           1           1           1
#  Timestep    No_Moles    No_Specs          H2          HO         H2O       C10O5          O2
     156000           8           5           3           2           1           1           1
#  Timestep    No_Moles    No_Specs          H2          HO         H2O       C10O5          O2
     156100           8           5           3           2           1           1           1
#  Timestep    No_Moles    No_Specs          H2          HO         H2O       C10O5          O2
     156200           8           5           3           2           1           1           1
#  Timestep    No_Moles    No_Specs          H2          HO         H2O       C10O5          O2
     156300           8           5           3           2           1           1           1
#  Timestep    No_Moles    No_Specs          H2          HO         H2O       C10O5          O2
     156400           8           5           3           2           1           1           1
#  Timestep    No_Moles    No_Specs          H2          HO         H2O       C10O5          O2
     156500           8           5           3           2           1           1           1
#  Timestep    No_Moles    No_Specs          H2          HO         H2O       C10O5          O2
     156600           8           5           3           2           1           1           1
#  Timestep    No_Moles    No_Specs          H2          HO         H2O       C10O5          O2
     156700           8           5           3           2           1           1           1
#  Timestep    No_Moles    No_Specs          H2          HO         H2O       C10O5          O2
     156800           8           5           3           2           1           1           1
#  Timestep    No_Moles    No_Specs          H2          HO         H2O       C10O5          O2
     156900           8           5           3           2           1           1           1
#  Timestep    No_Moles    No_Specs          H2          HO         H2O       C10O5          O2
     157000           8           5           3           2           1           1           1
#  Timestep    No_Moles    No_Specs          H2          HO         H2O       C10O5          O2
     157100           8           5           3           2           1           1           1
#  Timestep    No_Moles    No_Specs          H2          HO         H2O       C10O5          O2
     157200           8           5           3           2           1           1           1
#  Timestep    No_Moles    No_Specs          H2          HO         H2O       C10O5          O2
     157300           8           5           3           2           1           1           1
#  Timestep    No_Moles    No_Specs          H2          HO         H2O       C10O5          O2
     157400           8           5           3           2           1           1           1
#  Timestep    No_Moles    No_Specs          H2          HO         H2O       C10O5          O2
     157500           8           5           3           2           1           1           1
#  Timestep    No_Moles    No_Specs          H2          HO         H2O       C10O5          O2
     157600           8           5           3           2           1           1           1
#  Timestep    No_Moles    No_Specs          H2          HO         H2O       C10O5          O2
     157700           8           5           3           2           1           1           1
#  Timestep    No_Moles    No_Specs          H2          HO         H2O       C10O5          O2
     157800           8           5           3           2           1           1           1
#  Timestep    No_Moles    No_Specs          H2          HO         H2O       C10O5          O2
     157900           8           5           3           2           1           1           1
#  Timestep    No_Moles    No_Specs          H2          HO         H2O       C10O5          O2
     158000           8           5           3           2           1           1           1
#  Timestep    No_Moles    No_Specs          H2          HO         H2O       C10O5          O2
     158100           8           5           3           2           1           1           1
#  Timestep    No_Moles    No_Specs          H2          HO         H2O       C10O5          O2
     158200           8           5           3           2           1           1           1
#  Timestep    No_Moles    No_Specs          H2          HO         H2O       C10O5          O2
     158300           8           5           3           2           1           1           1
#  Timestep    No_Moles    No_Specs          H2          HO         H2O       C10O5          O2
     158400           8           5           3           2           1           1           1
#  Timestep    No_Moles    No_Specs          H2          HO         H2O       C10O5          O2
     158500           8           5           3           2           1           1           1
#  Timestep    No_Moles    No_Specs          H2          HO         H2O       C10O5          O2
     158600           8           5           3           2           1           1           1
#  Timestep    No_Moles    No_Specs          H2          HO         H2O       C10O5          O2
     158700           8           5           3           2           1           1           1
#  Timestep    No_Moles    No_Specs          H2          HO         H2O       C10O5          O2
     158800           8           5           3           2           1           1           1
#  Timestep    No_Moles    No_Specs          H2          HO         H2O       C10O5          O2
     158900           8           5           3           2           1           1           1
#  Timestep    No_Moles    No_Specs          H2          HO         H2O       C10O5          O2
     159000           8           5           3           2           1           1           1
#  Timestep    No_Moles    No_Specs          H2          HO         H2O       C10O5          O2
     159100           8           5           3           2           1           1           1
#  Timestep    No_Moles    No_Specs          H2          HO         H2O       C10O5          O2
     159200           8           5           3           2           1           1           1
#  Timestep    No_Moles    No_Specs          H2          HO         H2O       C10O5          O2
     159300           8           5           3           2           1           1           1
#  Timestep    No_Moles    No_Specs          H2          HO         H2O       C10O5          O2
     159400           8           5           3           2           1           1           1
#  Timestep    No_Moles    No_Specs          H2          HO         H2O       C10O5          O2
     159500           8           5           3           2           1           1           1
#  Timestep    No_Moles    No_Specs          H2          HO         H2O       C10O5          O2
     159600           8           5           3           2           1           1           1
#  Timestep    No_Moles    No_Specs          H2          HO         H2O       C10O5          O2
     159700           8           5           3           2           1           1           1
#  Timestep    No_Moles    No_Specs          H2          HO         H2O       C10O5          O2
     159800           8           5           3           2           1           1           1
#  Timestep    No_Moles    No_Specs          H2          HO         H2O       C10O5          O2
     159900           8           5           3           2           1           1           1
#  Timestep    No_Moles    No_Specs          H2          HO         H2O       C10O5          O2
     160000           8           5           3           2           1           1           1
#  Timestep    No_Moles    No_Specs          H2        H2O2         H2O       C10O5          O2
     160100           7           5           3           1           1           1           1
#  Timestep    No_Moles    No_Specs          H2        H2O2         H2O       C10O5          O2
     160200           7           5           3           1           1           1           1
#  Timestep    No_Moles    No_Specs          H2        H2O2         H2O       C10O5          O2
     160300           7           5           3           1           1           1           1
#  Timestep    No_Moles    No_Specs          H2        H2O2         H2O       C10O5          O2
     160400           7           5           3           1           1           1           1
#  Timestep    No_Moles    No_Specs          H2        H2O2         H2O       C10O5          O2
     160500           7           5           3           1           1           1           1
#  Timestep    No_Moles    No_Specs          H2        H2O2         H2O       C10O5          O2
     160600           7           5           3           1           1           1           1
#  Timestep    No_Moles    No_Specs          H2        H2O2         H2O       C10O5          O2
     160700           7           5           3           1           1           1           1
#  Timestep    No_Moles    No_Specs          H2        H2O2         H2O       C10O5          O2
     160800           7           5           3           1           1           1           1
#  Timestep    No_Moles    No_Specs          H2        H2O2         H2O       C10O5          O2
     160900           7           5           3           1           1           1           1
#  Timestep    No_Moles    No_Specs          H2        H2O2         H2O       C10O5          O2
     161000           7           5           3           1           1           1           1
#  Timestep    No_Moles    No_Specs          H2        H2O2         H2O       C10O5          O2
     161100           7           5           3           1           1           1           1
#  Timestep    No_Moles    No_Specs          H2        H2O2         H2O       C10O5          O2
     161200           7           5           3           1           1           1           1
#  Timestep    No_Moles    No_Specs          H2        H2O2         H2O       C10O5          O2
     161300           7           5           3           1           1           1           1
#  Timestep    No_Moles    No_Specs          H2        H2O2         H2O       C10O5          O2
     161400           7           5           3           1           1           1           1
#  Timestep    No_Moles    No_Specs          H2        H2O2         H2O       C10O5          O2
     161500           7           5           3           1           1           1           1
#  Timestep    No_Moles    No_Specs          H2        H2O2         H2O       C10O5          O2
     161600           7           5           3           1           1           1           1
#  Timestep    No_Moles    No_Specs          H2        H2O2         H2O       C10O5          O2
     161700           7           5           3           1           1           1           1
#  Timestep    No_Moles    No_Specs          H2        H2O2         H2O       C10O5          O2
     161800           7           5           3           1           1           1           1
#  Timestep    No_Moles    No_Specs          H2        H2O2         H2O       C10O5          O2
     161900           7           5           3           1           1           1           1
#  Timestep    No_Moles    No_Specs          H2        H2O2         H2O       C10O5          O2
     162000           7           5           3           1           1           1           1
#  Timestep    No_Moles    No_Specs          H2        H2O2         H2O       C10O5          O2
     162100           7           5           3           1           1           1           1
#  Timestep    No_Moles    No_Specs          H2        H2O2         H2O       C10O5          O2
     162200           7           5           3           1           1           1           1
#  Timestep    No_Moles    No_Specs          H2        H2O2         H2O       C10O5          O2
     162300           7           5           3           1           1           1           1
#  Timestep    No_Moles    No_Specs          H2        H2O2         H2O       C10O5          O2
     162400           7           5           3           1           1           1           1
#  Timestep    No_Moles    No_Specs          H2        H2O2         H2O       C10O5          O2
     162500           7           5           3           1           1           1           1
#  Timestep    No_Moles    No_Specs          H2        H2O2         H2O       C10O5          O2
     162600           7           5           3           1           1           1           1
#  Timestep    No_Moles    No_Specs          H2        H2O2         H2O       C10O5          O2
     162700           7           5           3           1           1           1           1
#  Timestep    No_Moles    No_Specs          H2        H2O2         H2O       C10O5          O2
     162800           7           5           3           1           1           1           1
#  Timestep    No_Moles    No_Specs          H2        H2O2         H2O       C10O5          O2
     162900           7           5           3           1           1           1           1
#  Timestep    No_Moles    No_Specs          H2        H2O2         H2O       C10O5          O2
     163000           7           5           3           1           1           1           1
#  Timestep    No_Moles    No_Specs          H2        H2O2         H2O       C10O5          O2
     163100           7           5           3           1           1           1           1
#  Timestep    No_Moles    No_Specs          H2        H2O2         H2O       C10O5          O2
     163200           7           5           3           1           1           1           1
#  Timestep    No_Moles    No_Specs          H2        H2O2         H2O       C10O5          O2
     163300           7           5           3           1           1           1           1
#  Timestep    No_Moles    No_Specs          H2        H2O2         H2O       C10O5          O2
     163400           7           5           3           1           1           1           1
#  Timestep    No_Moles    No_Specs          H2        H2O2         H2O       C10O5          O2
     163500           7           5           3           1           1           1           1
#  Timestep    No_Moles    No_Specs          H2        H2O2         H2O       C10O5          O2
     163600           7           5           3           1           1           1           1
#  Timestep    No_Moles    No_Specs          H2        H2O2         H2O       C10O5          O2
     163700           7           5           3           1           1           1           1
#  Timestep    No_Moles    No_Specs          H2        H2O2         H2O       C10O5          O2
     163800           7           5           3           1           1           1           1
#  Timestep    No_Moles    No_Specs          H2        H2O2         H2O       C10O5          O2
     163900           7           5           3           1           1           1           1
#  Timestep    No_Moles    No_Specs          H2        H2O2         H2O       C10O5          O2
     164000           7           5           3           1           1           1           1
#  Timestep    No_Moles    No_Specs          H2        H2O2         H2O       C10O5          O2
     164100           7           5           3           1           1           1           1
#  Timestep    No_Moles    No_Specs          H2        H2O2         H2O       C10O5          O2
     164200           7           5           3           1           1           1           1
#  Timestep    No_Moles    No_Specs          H2        H4O3       C10O5          O2
     164300           6           4           3           1           1           1
#  Timestep    No_Moles    No_Specs          H2         H2O        H2O2       C10O5          O2
     164400           7           5           3           1           1           1           1
#  Timestep    No_Moles    No_Specs          H2         H2O        H2O2       C10O5          O2
     164500           7           5           3           1           1           1           1
#  Timestep    No_Moles    No_Specs          H2         H2O        H2O2       C10O5          O2
     164600           7           5           3           1           1           1           1
#  Timestep    No_Moles    No_Specs          H2        H4O3       C10O5          O2
     164700           6           4           3           1           1           1
#  Timestep    No_Moles    No_Specs          H2        H4O3       C10O5          O2
     164800           6           4           3           1           1           1
#  Timestep    No_Moles    No_Specs          H2        H4O3       C10O5          O2
     164900           6           4           3           1           1           1
#  Timestep    No_Moles    No_Specs          H2        H4O3       C10O5          O2
     165000           6           4           3           1           1           1
#  Timestep    No_Moles    No_Specs          H2        H4O3       C10O5          O2
     165100           6           4           3           1           1           1
#  Timestep    No_Moles    No_Specs          H2        H4O3       C10O5          O2
     165200           6           4           3           1           1           1
#  Timestep    No_Moles    No_Specs          H2        H4O3       C10O5          O2
     165300           6           4           3           1           1           1
#  Timestep    No_Moles    No_Specs          H2        H4O3       C10O5          O2
     165400           6           4           3           1           1           1
#  Timestep    No_Moles    No_Specs          H2        H4O3       C10O5          O2
     165500           6           4           3           1           1           1
#  Timestep    No_Moles    No_Specs          H2        H4O3       C10O5          O2
     165600           6           4           3           1           1           1
#  Timestep    No_Moles    No_Specs          H2        H4O3       C10O5          O2
     165700           6           4           3           1           1           1
#  Timestep    No_Moles    No_Specs          H2        H4O3       C10O5          O2
     165800           6           4           3           1           1           1
#  Timestep    No_Moles    No_Specs          H2        H4O3       C10O5          O2
     165900           6           4           3           1           1           1
#  Timestep    No_Moles    No_Specs          H2        H4O3       C10O5          O2
     166000           6           4           3           1           1           1
#  Timestep    No_Moles    No_Specs          H2        H4O3       C10O5          O2
     166100           6           4           3           1           1           1
#  Timestep    No_Moles    No_Specs          H2        H4O3       C10O5          O2
     166200           6           4           3           1           1           1
#  Timestep    No_Moles    No_Specs          H2        H4O3       C10O5          O2
     166300           6           4           3           1           1           1
#  Timestep    No_Moles    No_Specs          H2        H4O3       C10O5          O2
     166400           6           4           3           1           1           1
#  Timestep    No_Moles    No_Specs          H2        H4O3       C10O5          O2
     166500           6           4           3           1           1           1
#  Timestep    No_Moles    No_Specs          H2        H4O3       C10O5          O2
     166600           6           4           3           1           1           1
#  Timestep    No_Moles    No_Specs          H2        H4O3       C10O5          O2
     166700           6           4           3           1           1           1
#  Timestep    No_Moles    No_Specs          H2        H4O3       C10O5          O2
     166800           6           4           3           1           1           1
#  Timestep    No_Moles    No_Specs          H2        H3O2          HO       C10O5          O2
     166900           7           5           3           1           1           1           1
#  Timestep    No_Moles    No_Specs          H2        H4O3       C10O5          O2
     167000           6           4           3           1           1           1
#  Timestep    No_Moles    No_Specs          H2        H4O3       C10O5          O2
     167100           6           4           3           1           1           1
#  Timestep    No_Moles    No_Specs          H2        H4O3       C10O5          O2
     167200           6           4           3           1           1           1
#  Timestep    No_Moles    No_Specs          H2        H4O3       C10O5          O2
     167300           6           4           3           1           1           1
#  Timestep    No_Moles    No_Specs          H2        H4O3       C10O5          O2
     167400           6           4           3           1           1           1
#  Timestep    No_Moles    No_Specs          H2        H4O3       C10O5          O2
     167500           6           4           3           1           1           1
#  Timestep    No_Moles    No_Specs          H2        H4O3       C10O5          O2
     167600           6           4           3           1           1           1
#  Timestep    No_Moles    No_Specs          H2        H4O3       C10O5          O2
     167700           6           4           3           1           1           1
#  Timestep    No_Moles    No_Specs          H2        H4O3       C10O5          O2
     167800           6           4           3           1           1           1
#  Timestep    No_Moles    No_Specs          H2        H4O3       C10O5          O2
     167900           6           4           3           1           1           1
#  Timestep    No_Moles    No_Specs          H2        H4O3       C10O5          O2
     168000           6           4           3           1           1           1
#  Timestep    No_Moles    No_Specs          H2        H4O3       C10O5          O2
     168100           6           4           3           1           1           1
#  Timestep    No_Moles    No_Specs          H2        H4O3       C10O5          O2
     168200           6           4           3           1           1           1
#  Timestep    No_Moles    No_Specs          H2        H4O3       C10O5          O2
     168300           6           4           3           1           1           1
#  Timestep    No_Moles    No_Specs          H2        H4O3       C10O5          O2
     168400           6           4           3           1           1           1
#  Timestep    No_Moles    No_Specs          H2        H4O3       C10O5          O2
     168500           6           4           3           1           1           1
#  Timestep    No_Moles    No_Specs          H2        H4O3       C10O5          O2
     168600           6           4           3           1           1           1
#  Timestep    No_Moles    No_Specs          H2        H4O3       C10O5          O2
     168700           6           4           3           1           1           1
#  Timestep    No_Moles    No_Specs          H2        H4O3       C10O5          O2
     168800           6           4           3           1           1           1
#  Timestep    No_Moles    No_Specs          H2        H4O3       C10O5          O2
     168900           6           4           3           1           1           1
#  Timestep    No_Moles    No_Specs          H2        H4O3       C10O5          O2
     169000           6           4           3           1           1           1
#  Timestep    No_Moles    No_Specs          H2        H4O3       C10O5          O2
     169100           6           4           3           1           1           1
#  Timestep    No_Moles    No_Specs          H2        H4O3       C10O5          O2
     169200           6           4           3           1           1           1
#  Timestep    No_Moles    No_Specs          H2        H4O3       C10O5          O2
     169300           6           4           3           1           1           1
#  Timestep    No_Moles    No_Specs          H2        H4O3       C10O5          O2
     169400           6           4           3           1           1           1
#  Timestep    No_Moles    No_Specs          H2        H4O3       C10O5          O2
     169500           6           4           3           1           1           1
#  Timestep    No_Moles    No_Specs          H2        H4O3       C10O5          O2
     169600           6           4           3           1           1           1
#  Timestep    No_Moles    No_Specs          H2        H4O3       C10O5          O2
     169700           6           4           3           1           1           1
#  Timestep    No_Moles    No_Specs          H2        H4O3       C10O5          O2
     169800           6           4           3           1           1           1
#  Timestep    No_Moles    No_Specs          H2        H4O3       C10O5          O2
     169900           6           4           3           1           1           1
#  Timestep    No_Moles    No_Specs          H2        H4O3       C10O5          O2
     170000           6           4           3           1           1           1
#  Timestep    No_Moles    No_Specs          H2        H4O3       C10O5          O2
     170100           6           4           3           1           1           1
#  Timestep    No_Moles    No_Specs          H2        H4O3       C10O5          O2
     170200           6           4           3           1           1           1
#  Timestep    No_Moles    No_Specs          H2        H4O3       C10O5          O2
     170300           6           4           3           1           1           1
#  Timestep    No_Moles    No_Specs          H2        H4O3       C10O5          O2
     170400           6           4           3           1           1           1
#  Timestep    No_Moles    No_Specs          H2        H4O3       C10O5          O2
     170500           6           4           3           1           1           1
#  Timestep    No_Moles    No_Specs          H2        H4O3       C10O5          O2
     170600           6           4           3           1           1           1
#  Timestep    No_Moles    No_Specs          H2        H4O3       C10O5          O2
     170700           6           4           3           1           1           1
#  Timestep    No_Moles    No_Specs          H2        H4O3       C10O5          O2
     170800           6           4           3           1           1           1
#  Timestep    No_Moles    No_Specs          H2        H4O3       C10O5          O2
     170900           6           4           3           1           1           1
#  Timestep    No_Moles    No_Specs          H2        H4O3       C10O5          O2
     171000           6           4           3           1           1           1
#  Timestep    No_Moles    No_Specs          H2        H4O3       C10O5          O2
     171100           6           4           3           1           1           1
#  Timestep    No_Moles    No_Specs          H2        H4O3       C10O5          O2
     171200           6           4           3           1           1           1
#  Timestep    No_Moles    No_Specs          H2        H4O3       C10O5          O2
     171300           6           4           3           1           1           1
#  Timestep    No_Moles    No_Specs          H2        H4O3       C10O5          O2
     171400           6           4           3           1           1           1
#  Timestep    No_Moles    No_Specs          H2        H4O3       C10O5          O2
     171500           6           4           3           1           1           1
#  Timestep    No_Moles    No_Specs          H2        H4O3       C10O5          O2
     171600           6           4           3           1           1           1
#  Timestep    No_Moles    No_Specs          H2        H4O3       C10O5          O2
     171700           6           4           3           1           1           1
#  Timestep    No_Moles    No_Specs          H2        H4O3       C10O5          O2
     171800           6           4           3           1           1           1
#  Timestep    No_Moles    No_Specs          H2        H4O3       C10O5          O2
     171900           6           4           3           1           1           1
#  Timestep    No_Moles    No_Specs          H2        H4O3       C10O5          O2
     172000           6           4           3           1           1           1
#  Timestep    No_Moles    No_Specs          H2        H4O3       C10O5          O2
     172100           6           4           3           1           1           1
#  Timestep    No_Moles    No_Specs          H2        H4O3       C10O5          O2
     172200           6           4           3           1           1           1
#  Timestep    No_Moles    No_Specs          H2        H4O3       C10O5          O2
     172300           6           4           3           1           1           1
#  Timestep    No_Moles    No_Specs          H2        H4O3       C10O5          O2
     172400           6           4           3           1           1           1
#  Timestep    No_Moles    No_Specs          H2        H4O3       C10O5          O2
     172500           6           4           3           1           1           1
#  Timestep    No_Moles    No_Specs          H2        H4O3       C10O5          O2
     172600           6           4           3           1           1           1
#  Timestep    No_Moles    No_Specs          H2        H4O3       C10O5          O2
     172700           6           4           3           1           1           1
#  Timestep    No_Moles    No_Specs          H2        H4O3       C10O5          O2
     172800           6           4           3           1           1           1
#  Timestep    No_Moles    No_Specs          H2        H4O3       C10O5          O2
     172900           6           4           3           1           1           1
#  Timestep    No_Moles    No_Specs          H2        H4O3       C10O5          O2
     173000           6           4           3           1           1           1
#  Timestep    No_Moles    No_Specs          H2        H4O3       C10O5          O2
     173100           6           4           3           1           1           1
#  Timestep    No_Moles    No_Specs          H2        H4O3       C10O5          O2
     173200           6           4           3           1           1           1
#  Timestep    No_Moles    No_Specs          H2        H4O3       C10O5          O2
     173300           6           4           3           1           1           1
#  Timestep    No_Moles    No_Specs          H2        H4O3       C10O5          O2
     173400           6           4           3           1           1           1
#  Timestep    No_Moles    No_Specs          H2        H4O3       C10O5          O2
     173500           6           4           3           1           1           1
#  Timestep    No_Moles    No_Specs          H2        H4O3       C10O5          O2
     173600           6           4           3           1           1           1
#  Timestep    No_Moles    No_Specs          H2        H4O3       C10O5          O2
     173700           6           4           3           1           1           1
#  Timestep    No_Moles    No_Specs          H2        H4O3       C10O5          O2
     173800           6           4           3           1           1           1
#  Timestep    No_Moles    No_Specs          H2        H4O3       C10O5          O2
     173900           6           4           3           1           1           1
#  Timestep    No_Moles    No_Specs          H2        H4O3       C10O5          O2
     174000           6           4           3           1           1           1
#  Timestep    No_Moles    No_Specs          H2        H4O3       C10O5          O2
     174100           6           4           3           1           1           1
#  Timestep    No_Moles    No_Specs          H2        H4O3       C10O5          O2
     174200           6           4           3           1           1           1
#  Timestep    No_Moles    No_Specs          H2        H4O3       C10O5          O2
     174300           6           4           3           1           1           1
#  Timestep    No_Moles    No_Specs          H2        H4O3       C10O5          O2
     174400           6           4           3           1           1           1
#  Timestep    No_Moles    No_Specs          H2        H4O3       C10O5          O2
     174500           6           4           3           1           1           1
#  Timestep    No_Moles    No_Specs          H2        H4O3       C10O5          O2
     174600           6           4           3           1           1           1
#  Timestep    No_Moles    No_Specs          H2        H4O3       C10O5          O2
     174700           6           4           3           1           1           1
#  Timestep    No_Moles    No_Specs          H2        H4O3       C10O5          O2
     174800           6           4           3           1           1           1
#  Timestep    No_Moles    No_Specs          H2        H4O3       C10O5          O2
     174900           6           4           3           1           1           1
#  Timestep    No_Moles    No_Specs          H2        H4O3       C10O5          O2
     175000           6           4           3           1           1           1
#  Timestep    No_Moles    No_Specs          H2        H4O3       C10O5          O2
     175100           6           4           3           1           1           1
#  Timestep    No_Moles    No_Specs          H2        H4O3       C10O5          O2
     175200           6           4           3           1           1           1
#  Timestep    No_Moles    No_Specs          H2        H4O3       C10O5          O2
     175300           6           4           3           1           1           1
#  Timestep    No_Moles    No_Specs          H2        H4O3       C10O5          O2
     175400           6           4           3           1           1           1
#  Timestep    No_Moles    No_Specs          H2        H4O3       C10O5          O2
     175500           6           4           3           1           1           1
#  Timestep    No_Moles    No_Specs          H2        H4O3       C10O5          O2
     175600           6           4           3           1           1           1
#  Timestep    No_Moles    No_Specs          H2        H4O3       C10O5          O2
     175700           6           4           3           1           1           1
#  Timestep    No_Moles    No_Specs          H2        H4O3       C10O5          O2
     175800           6           4           3           1           1           1
#  Timestep    No_Moles    No_Specs          H2        H4O3       C10O5          O2
     175900           6           4           3           1           1           1
#  Timestep    No_Moles    No_Specs          H2        H4O3       C10O5          O2
     176000           6           4           3           1           1           1
#  Timestep    No_Moles    No_Specs          H2        H4O3       C10O5          O2
     176100           6           4           3           1           1           1
#  Timestep    No_Moles    No_Specs          H2        H4O3       C10O5          O2
     176200           6           4           3           1           1           1
#  Timestep    No_Moles    No_Specs          H2        H4O3       C10O5          O2
     176300           6           4           3           1           1           1
#  Timestep    No_Moles    No_Specs          H2        H4O3       C10O5          O2
     176400           6           4           3           1           1           1
#  Timestep    No_Moles    No_Specs          H2        H4O3       C10O5          O2
     176500           6           4           3           1           1           1
#  Timestep    No_Moles    No_Specs          H2     C10H4O8          O2
     176600           5           3           3           1           1
#  Timestep    No_Moles    No_Specs          H2     C10H4O8          O2
     176700           5           3           3           1           1
#  Timestep    No_Moles    No_Specs          H2     C10H4O8          O2
     176800           5           3           3           1           1
#  Timestep    No_Moles    No_Specs          H2     C10H4O8          O2
     176900           5           3           3           1           1
#  Timestep    No_Moles    No_Specs          H2     C10H4O8          O2
     177000           5           3           3           1           1
#  Timestep    No_Moles    No_Specs          H2     C10H4O8          O2
     177100           5           3           3           1           1
#  Timestep    No_Moles    No_Specs          H2     C10H4O8          O2
     177200           5           3           3           1           1
#  Timestep    No_Moles    No_Specs          H2     C10H4O8          O2
     177300           5           3           3           1           1
#  Timestep    No_Moles    No_Specs          H2        H4O3       C10O5          O2
     177400           6           4           3           1           1           1
#  Timestep    No_Moles    No_Specs          H2        H4O3       C10O5          O2
     177500           6           4           3           1           1           1
#  Timestep    No_Moles    No_Specs          H2        H4O3       C10O5          O2
     177600           6           4           3           1           1           1
#  Timestep    No_Moles    No_Specs          H2        H4O3       C10O5          O2
     177700           6           4           3           1           1           1
#  Timestep    No_Moles    No_Specs          H2        H4O3       C10O5          O2
     177800           6           4           3           1           1           1
#  Timestep    No_Moles    No_Specs          H2        H4O3       C10O5          O2
     177900           6           4           3           1           1           1
#  Timestep    No_Moles    No_Specs          H2        H4O3       C10O5          O2
     178000           6           4           3           1           1           1
#  Timestep    No_Moles    No_Specs          H2        H4O3       C10O5          O2
     178100           6           4           3           1           1           1
#  Timestep    No_Moles    No_Specs          H2        H4O3       C10O5          O2
     178200           6           4           3           1           1           1
#  Timestep    No_Moles    No_Specs          H2        H4O3       C10O5          O2
     178300           6           4           3           1           1           1
#  Timestep    No_Moles    No_Specs          H2        H4O3       C10O5          O2
     178400           6           4           3           1           1           1
#  Timestep    No_Moles    No_Specs          H2        H4O3       C10O5          O2
     178500           6           4           3           1           1           1
#  Timestep    No_Moles    No_Specs          H2        H4O3       C10O5          O2
     178600           6           4           3           1           1           1
#  Timestep    No_Moles    No_Specs          H2        H4O3       C10O5          O2
     178700           6           4           3           1           1           1
#  Timestep    No_Moles    No_Specs          H2        H4O3       C10O5          O2
     178800           6           4           3           1           1           1
#  Timestep    No_Moles    No_Specs          H2        H4O3       C10O5          O2
     178900           6           4           3           1           1           1
#  Timestep    No_Moles    No_Specs          H2        H4O3       C10O5          O2
     179000           6           4           3           1           1           1
#  Timestep    No_Moles    No_Specs          H2        H4O3       C10O5          O2
     179100           6           4           3           1           1           1
#  Timestep    No_Moles    No_Specs          H2        H4O3       C10O5          O2
     179200           6           4           3           1           1           1
#  Timestep    No_Moles    No_Specs          H2        H4O3       C10O5          O2
     179300           6           4           3           1           1           1
#  Timestep    No_Moles    No_Specs          H2        H4O3       C10O5          O2
     179400           6           4           3           1           1           1
#  Timestep    No_Moles    No_Specs          H2        H4O3       C10O5          O2
     179500           6           4           3           1           1           1
#  Timestep    No_Moles    No_Specs          H2        H2O2         H2O       C10O5          O2
     179600           7           5           3           1           1           1           1
#  Timestep    No_Moles    No_Specs          H2        H2O2         H2O       C10O5          O2
     179700           7           5           3           1           1           1           1
#  Timestep    No_Moles    No_Specs          H2        H2O2         H2O       C10O5          O2
     179800           7           5           3           1           1           1           1
#  Timestep    No_Moles    No_Specs          H2        H2O2         H2O       C10O5          O2
     179900           7           5           3           1           1           1           1
#  Timestep    No_Moles    No_Specs          H2        H2O2         H2O       C10O5          O2
     180000           7           5           3           1           1           1           1
#  Timestep    No_Moles    No_Specs          H2        H2O2         H2O       C10O5          O2
     180100           7           5           3           1           1           1           1
#  Timestep    No_Moles    No_Specs          H2        H2O2         H2O       C10O5          O2
     180200           7           5           3           1           1           1           1
#  Timestep    No_Moles    No_Specs          H2        H2O2         H2O       C10O5          O2
     180300           7           5           3           1           1           1           1
#  Timestep    No_Moles    No_Specs          H2        H2O2         H2O       C10O5          O2
     180400           7           5           3           1           1           1           1
#  Timestep    No_Moles    No_Specs          H2        H2O2         H2O       C10O5          O2
     180500           7           5           3           1           1           1           1
#  Timestep    No_Moles    No_Specs          H2        H2O2         H2O       C10O5          O2
     180600           7           5           3           1           1           1           1
#  Timestep    No_Moles    No_Specs          H2        H2O2         H2O       C10O5          O2
     180700           7           5           3           1           1           1           1
#  Timestep    No_Moles    No_Specs          H2        H2O2         H2O       C10O5          O2
     180800           7           5           3           1           1           1           1
#  Timestep    No_Moles    No_Specs          H2        H2O2         H2O       C10O5          O2
     180900           7           5           3           1           1           1           1
#  Timestep    No_Moles    No_Specs          H2        H2O2         H2O       C10O5          O2
     181000           7           5           3           1           1           1           1
#  Timestep    No_Moles    No_Specs          H2        H2O2         H2O       C10O5          O2
     181100           7           5           3           1           1           1           1
#  Timestep    No_Moles    No_Specs          H2        H2O2         H2O       C10O5          O2
     181200           7           5           3           1           1           1           1
#  Timestep    No_Moles    No_Specs          H2        H2O2         H2O       C10O5          O2
     181300           7           5           3           1           1           1           1
#  Timestep    No_Moles    No_Specs          H2        H2O2         H2O       C10O5          O2
     181400           7           5           3           1           1           1           1
#  Timestep    No_Moles    No_Specs          H2        H2O2         H2O       C10O5          O2
     181500           7           5           3           1           1           1           1
#  Timestep    No_Moles    No_Specs          H2        H2O2         H2O       C10O5          O2
     181600           7           5           3           1           1           1           1
#  Timestep    No_Moles    No_Specs          H2        H2O2         H2O       C10O5          O2
     181700           7           5           3           1           1           1           1
#  Timestep    No_Moles    No_Specs          H2        H4O3       C10O5          O2
     181800           6           4           3           1           1           1
#  Timestep    No_Moles    No_Specs          H2        H4O3       C10O5          O2
     181900           6           4           3           1           1           1
#  Timestep    No_Moles    No_Specs          H2        H4O3       C10O5          O2
     182000           6           4           3           1           1           1
#  Timestep    No_Moles    No_Specs          H2        H4O3       C10O5          O2
     182100           6           4           3           1           1           1
#  Timestep    No_Moles    No_Specs          H2        H4O3       C10O5          O2
     182200           6           4           3           1           1           1
#  Timestep    No_Moles    No_Specs          H2        H4O3       C10O5          O2
     182300           6           4           3           1           1           1
#  Timestep    No_Moles    No_Specs          H2        H4O3       C10O5          O2
     182400           6           4           3           1           1           1
#  Timestep    No_Moles    No_Specs          H2        H4O3       C10O5          O2
     182500           6           4           3           1           1           1
#  Timestep    No_Moles    No_Specs          H2        H4O3       C10O5          O2
     182600           6           4           3           1           1           1
#  Timestep    No_Moles    No_Specs          H2        H4O3       C10O5          O2
     182700           6           4           3           1           1           1
#  Timestep    No_Moles    No_Specs          H2        H4O3       C10O5          O2
     182800           6           4           3           1           1           1
#  Timestep    No_Moles    No_Specs          H2        H4O3       C10O5          O2
     182900           6           4           3           1           1           1
#  Timestep    No_Moles    No_Specs          H2        H4O3       C10O5          O2
     183000           6           4           3           1           1           1
#  Timestep    No_Moles    No_Specs          H2        H4O3       C10O5          O2
     183100           6           4           3           1           1           1
#  Timestep    No_Moles    No_Specs          H2        H4O3       C10O5          O2
     183200           6           4           3           1           1           1
#  Timestep    No_Moles    No_Specs          H2        H4O3       C10O5          O2
     183300           6           4           3           1           1           1
#  Timestep    No_Moles    No_Specs          H2        H4O3       C10O5          O2
     183400           6           4           3           1           1           1
#  Timestep    No_Moles    No_Specs          H2        H4O3       C10O5          O2
     183500           6           4           3           1           1           1
#  Timestep    No_Moles    No_Specs          H2        H4O3       C10O5          O2
     183600           6           4           3           1           1           1
#  Timestep    No_Moles    No_Specs          H2        H4O3       C10O5          O2
     183700           6           4           3           1           1           1
#  Timestep    No_Moles    No_Specs          H2        H4O3       C10O5          O2
     183800           6           4           3           1           1           1
#  Timestep    No_Moles    No_Specs          H2        H4O3       C10O5          O2
     183900           6           4           3           1           1           1
#  Timestep    No_Moles    No_Specs          H2        H4O3       C10O5          O2
     184000           6           4           3           1           1           1
#  Timestep    No_Moles    No_Specs          H2        H4O3       C10O5          O2
     184100           6           4           3           1           1           1
#  Timestep    No_Moles    No_Specs          H2        H4O3       C10O5          O2
     184200           6           4           3           1           1           1
#  Timestep    No_Moles    No_Specs          H2        H4O3       C10O5          O2
     184300           6           4           3           1           1           1
#  Timestep    No_Moles    No_Specs          H2        H4O3       C10O5          O2
     184400           6           4           3           1           1           1
#  Timestep    No_Moles    No_Specs          H2        H4O3       C10O5          O2
     184500           6           4           3           1           1           1
#  Timestep    No_Moles    No_Specs          H2        H4O3       C10O5          O2
     184600           6           4           3           1           1           1
#  Timestep    No_Moles    No_Specs          H2        H4O3       C10O5          O2
     184700           6           4           3           1           1           1
#  Timestep    No_Moles    No_Specs          H2        H4O3       C10O5          O2
     184800           6           4           3           1           1           1
#  Timestep    No_Moles    No_Specs          H2        H4O3       C10O5          O2
     184900           6           4           3           1           1           1
#  Timestep    No_Moles    No_Specs          H2        H4O3       C10O5          O2
     185000           6           4           3           1           1           1
#  Timestep    No_Moles    No_Specs          H2        H4O3       C10O5          O2
     185100           6           4           3           1           1           1
#  Timestep    No_Moles    No_Specs          H2        H4O3       C10O5          O2
     185200           6           4           3           1           1           1
#  Timestep    No_Moles    No_Specs          H2        H4O3       C10O5          O2
     185300           6           4           3           1           1           1
#  Timestep    No_Moles    No_Specs          H2        H4O3       C10O5          O2
     185400           6           4           3           1           1           1
#  Timestep    No_Moles    No_Specs          H2        H4O3       C10O5          O2
     185500           6           4           3           1           1           1
#  Timestep    No_Moles    No_Specs          H2        H4O3       C10O5          O2
     185600           6           4           3           1           1           1
#  Timestep    No_Moles    No_Specs          H2        H4O3       C10O5          O2
     185700           6           4           3           1           1           1
#  Timestep    No_Moles    No_Specs          H2        H4O3       C10O5          O2
     185800           6           4           3           1           1           1
#  Timestep    No_Moles    No_Specs          H2        H4O3       C10O5          O2
     185900           6           4           3           1           1           1
#  Timestep    No_Moles    No_Specs          H2        H4O3       C10O5          O2
     186000           6           4           3           1           1           1
#  Timestep    No_Moles    No_Specs          H2        H4O3       C10O5          O2
     186100           6           4           3           1           1           1
#  Timestep    No_Moles    No_Specs          H2        H4O3       C10O5          O2
     186200           6           4           3           1           1           1
#  Timestep    No_Moles    No_Specs          H2        H4O3       C10O5          O2
     186300           6           4           3           1           1           1
#  Timestep    No_Moles    No_Specs          H2        H4O3       C10O5          O2
     186400           6           4           3           1           1           1
#  Timestep    No_Moles    No_Specs          H2        H4O3       C10O5          O2
     186500           6           4           3           1           1           1
#  Timestep    No_Moles    No_Specs          H2        H4O3       C10O5          O2
     186600           6           4           3           1           1           1
#  Timestep    No_Moles    No_Specs          H2        H4O3       C10O5          O2
     186700           6           4           3           1           1           1
#  Timestep    No_Moles    No_Specs          H2        H4O3       C10O5          O2
     186800           6           4           3           1           1           1
#  Timestep    No_Moles    No_Specs          H2        H4O3       C10O5          O2
     186900           6           4           3           1           1           1
#  Timestep    No_Moles    No_Specs          H2        H4O3       C10O5          O2
     187000           6           4           3           1           1           1
#  Timestep    No_Moles    No_Specs          H2        H4O3       C10O5          O2
     187100           6           4           3           1           1           1
#  Timestep    No_Moles    No_Specs          H2        H4O3       C10O5          O2
     187200           6           4           3           1           1           1
#  Timestep    No_Moles    No_Specs          H2        H4O3       C10O5          O2
     187300           6           4           3           1           1           1
#  Timestep    No_Moles    No_Specs          H2        H4O3       C10O5          O2
     187400           6           4           3           1           1           1
#  Timestep    No_Moles    No_Specs          H2        H4O3       C10O5          O2
     187500           6           4           3           1           1           1
#  Timestep    No_Moles    No_Specs          H2        H4O3       C10O5          O2
     187600           6           4           3           1           1           1
#  Timestep    No_Moles    No_Specs          H2        H4O3       C10O5          O2
     187700           6           4           3           1           1           1
#  Timestep    No_Moles    No_Specs          H2        H4O3       C10O5          O2
     187800           6           4           3           1           1           1
#  Timestep    No_Moles    No_Specs          H2        H4O3       C10O5          O2
     187900           6           4           3           1           1           1
#  Timestep    No_Moles    No_Specs          H2        H4O3       C10O5          O2
     188000           6           4           3           1           1           1
#  Timestep    No_Moles    No_Specs          H2        H4O3       C10O5          O2
     188100           6           4           3           1           1           1
#  Timestep    No_Moles    No_Specs          H2        H4O3       C10O5          O2
     188200           6           4           3           1           1           1
#  Timestep    No_Moles    No_Specs          H2        H4O3       C10O5          O2
     188300           6           4           3           1           1           1
#  Timestep    No_Moles    No_Specs          H2        H4O3       C10O5          O2
     188400           6           4           3           1           1           1
#  Timestep    No_Moles    No_Specs          H2        H4O3       C10O5          O2
     188500           6           4           3           1           1           1
#  Timestep    No_Moles    No_Specs          H2        H4O3       C10O5          O2
     188600           6           4           3           1           1           1
#  Timestep    No_Moles    No_Specs          H2        H4O3       C10O5          O2
     188700           6           4           3           1           1           1
#  Timestep    No_Moles    No_Specs          H2        H4O3       C10O5          O2
     188800           6           4           3           1           1           1
#  Timestep    No_Moles    No_Specs          H2        H4O3       C10O5          O2
     188900           6           4           3           1           1           1
#  Timestep    No_Moles    No_Specs          H2        H4O3       C10O5          O2
     189000           6           4           3           1           1           1
#  Timestep    No_Moles    No_Specs          H2        H4O3       C10O5          O2
     189100           6           4           3           1           1           1
#  Timestep    No_Moles    No_Specs          H2        H4O3       C10O5          O2
     189200           6           4           3           1           1           1
#  Timestep    No_Moles    No_Specs          H2        H4O3       C10O5          O2
     189300           6           4           3           1           1           1
#  Timestep    No_Moles    No_Specs          H2        H4O3       C10O5          O2
     189400           6           4           3           1           1           1
#  Timestep    No_Moles    No_Specs          H2        H4O3       C10O5          O2
     189500           6           4           3           1           1           1
#  Timestep    No_Moles    No_Specs          H2        H4O3       C10O5          O2
     189600           6           4           3           1           1           1
#  Timestep    No_Moles    No_Specs          H2        H4O3       C10O5          O2
     189700           6           4           3           1           1           1
#  Timestep    No_Moles    No_Specs          H2        H4O3       C10O5          O2
     189800           6           4           3           1           1           1
#  Timestep    No_Moles    No_Specs          H2        H4O3       C10O5          O2
     189900           6           4           3           1           1           1
#  Timestep    No_Moles    No_Specs          H2        H4O3       C10O5          O2
     190000           6           4           3           1           1           1
#  Timestep    No_Moles    No_Specs          H2        H4O3       C10O5          O2
     190100           6           4           3           1           1           1
#  Timestep    No_Moles    No_Specs          H2        H4O3       C10O5          O2
     190200           6           4           3           1           1           1
#  Timestep    No_Moles    No_Specs          H2        H4O3       C10O5          O2
     190300           6           4           3           1           1           1
#  Timestep    No_Moles    No_Specs          H2        H4O3       C10O5          O2
     190400           6           4           3           1           1           1
#  Timestep    No_Moles    No_Specs          H2        H4O3       C10O5          O2
     190500           6           4           3           1           1           1
#  Timestep    No_Moles    No_Specs          H2        H4O3       C10O5          O2
     190600           6           4           3           1           1           1
#  Timestep    No_Moles    No_Specs          H2        H4O3       C10O5          O2
     190700           6           4           3           1           1           1
#  Timestep    No_Moles    No_Specs          H2        H4O3       C10O5          O2
     190800           6           4           3           1           1           1
#  Timestep    No_Moles    No_Specs          H2        H4O3       C10O5          O2
     190900           6           4           3           1           1           1
#  Timestep    No_Moles    No_Specs          H2        H4O3       C10O5          O2
     191000           6           4           3           1           1           1
#  Timestep    No_Moles    No_Specs          H2        H4O3       C10O5          O2
     191100           6           4           3           1           1           1
#  Timestep    No_Moles    No_Specs          H2        H4O3       C10O5          O2
     191200           6           4           3           1           1           1
#  Timestep    No_Moles    No_Specs          H2        H4O3       C10O5          O2
     191300           6           4           3           1           1           1
#  Timestep    No_Moles    No_Specs          H2        H4O3       C10O5          O2
     191400           6           4           3           1           1           1
#  Timestep    No_Moles    No_Specs          H2        H4O3       C10O5          O2
     191500           6           4           3           1           1           1
#  Timestep    No_Moles    No_Specs          H2        H4O3       C10O5          O2
     191600           6           4           3           1           1           1
#  Timestep    No_Moles    No_Specs          H2        H4O3       C10O5          O2
     191700           6           4           3           1           1           1
#  Timestep    No_Moles    No_Specs          H2        H4O3       C10O5          O2
     191800           6           4           3           1           1           1
#  Timestep    No_Moles    No_Specs          H2        H4O3       C10O5          O2
     191900           6           4           3           1           1           1
#  Timestep    No_Moles    No_Specs          H2        H4O3       C10O5          O2
     192000           6           4           3           1           1           1
#  Timestep    No_Moles    No_Specs          H2        H4O3       C10O5          O2
     192100           6           4           3           1           1           1
#  Timestep    No_Moles    No_Specs          H2        H4O3       C10O5          O2
     192200           6           4           3           1           1           1
#  Timestep    No_Moles    No_Specs          H2        H4O3       C10O5          O2
     192300           6           4           3           1           1           1
#  Timestep    No_Moles    No_Specs          H2        H4O3       C10O5          O2
     192400           6           4           3           1           1           1
#  Timestep    No_Moles    No_Specs          H2        H4O3       C10O5          O2
     192500           6           4           3           1           1           1
#  Timestep    No_Moles    No_Specs          H2        H4O3       C10O5          O2
     192600           6           4           3           1           1           1
#  Timestep    No_Moles    No_Specs          H2        H4O3       C10O5          O2
     192700           6           4           3           1           1           1
#  Timestep    No_Moles    No_Specs          H2        H4O3       C10O5          O2
     192800           6           4           3           1           1           1
#  Timestep    No_Moles    No_Specs          H2        H4O3       C10O5          O2
     192900           6           4           3           1           1           1
#  Timestep    No_Moles    No_Specs          H2        H4O3       C10O5          O2
     193000           6           4           3           1           1           1
#  Timestep    No_Moles    No_Specs          H2        H4O3       C10O5          O2
     193100           6           4           3           1           1           1
#  Timestep    No_Moles    No_Specs          H2        H4O3       C10O5          O2
     193200           6           4           3           1           1           1
#  Timestep    No_Moles    No_Specs          H2        H4O3       C10O5          O2
     193300           6           4           3           1           1           1
#  Timestep    No_Moles    No_Specs          H2        H4O3       C10O5          O2
     193400           6           4           3           1           1           1
#  Timestep    No_Moles    No_Specs          H2        H4O3       C10O5          O2
     193500           6           4           3           1           1           1
#  Timestep    No_Moles    No_Specs          H2        H4O3       C10O5          O2
     193600           6           4           3           1           1           1
#  Timestep    No_Moles    No_Specs          H2        H4O3       C10O5          O2
     193700           6           4           3           1           1           1
#  Timestep    No_Moles    No_Specs          H2        H4O3       C10O5          O2
     193800           6           4           3           1           1           1
#  Timestep    No_Moles    No_Specs          H2        H4O3       C10O5          O2
     193900           6           4           3           1           1           1
#  Timestep    No_Moles    No_Specs          H2        H4O3       C10O5          O2
     194000           6           4           3           1           1           1
#  Timestep    No_Moles    No_Specs          H2        H4O3       C10O5          O2
     194100           6           4           3           1           1           1
#  Timestep    No_Moles    No_Specs          H2        H4O3       C10O5          O2
     194200           6           4           3           1           1           1
#  Timestep    No_Moles    No_Specs          H2        H4O3       C10O5          O2
     194300           6           4           3           1           1           1
#  Timestep    No_Moles    No_Specs          H2        H4O3       C10O5          O2
     194400           6           4           3           1           1           1
#  Timestep    No_Moles    No_Specs          H2        H4O3       C10O5          O2
     194500           6           4           3           1           1           1
#  Timestep    No_Moles    No_Specs          H2        H4O3       C10O5          O2
     194600           6           4           3           1           1           1
#  Timestep    No_Moles    No_Specs          H2        H4O3       C10O5          O2
     194700           6           4           3           1           1           1
#  Timestep    No_Moles    No_Specs          H2        H4O3       C10O5          O2
     194800           6           4           3           1           1           1
#  Timestep    No_Moles    No_Specs          H2        H4O3       C10O5          O2
     194900           6           4           3           1           1           1
#  Timestep    No_Moles    No_Specs          H2        H4O3       C10O5          O2
     195000           6           4           3           1           1           1
#  Timestep    No_Moles    No_Specs          H2        H4O3       C10O5          O2
     195100           6           4           3           1           1           1
#  Timestep    No_Moles    No_Specs          H2        H4O3       C10O5          O2
     195200           6           4           3           1           1           1
#  Timestep    No_Moles    No_Specs          H2        H4O3       C10O5          O2
     195300           6           4           3           1           1           1
#  Timestep    No_Moles    No_Specs          H2        H4O3       C10O5          O2
     195400           6           4           3           1           1           1
#  Timestep    No_Moles    No_Specs          H2        H4O3       C10O5          O2
     195500           6           4           3           1           1           1
#  Timestep    No_Moles    No_Specs          H2        H4O3       C10O5          O2
     195600           6           4           3           1           1           1
#  Timestep    No_Moles    No_Specs          H2        H4O3       C10O5          O2
     195700           6           4           3           1           1           1
#  Timestep    No_Moles    No_Specs          H2        H4O3       C10O5          O2
     195800           6           4           3           1           1           1
#  Timestep    No_Moles    No_Specs          H2        H4O3       C10O5          O2
     195900           6           4           3           1           1           1
#  Timestep    No_Moles    No_Specs          H2        H4O3       C10O5          O2
     196000           6           4           3           1           1           1
#  Timestep    No_Moles    No_Specs          H2        H4O3       C10O5          O2
     196100           6           4           3           1           1           1
#  Timestep    No_Moles    No_Specs          H2        H4O3       C10O5          O2
     196200           6           4           3           1           1           1
#  Timestep    No_Moles    No_Specs          H2        H4O3       C10O5          O2
     196300           6           4           3           1           1           1
#  Timestep    No_Moles    No_Specs          H2        H4O3       C10O5          O2
     196400           6           4           3           1           1           1
#  Timestep    No_Moles    No_Specs          H2        H4O3       C10O5          O2
     196500           6           4           3           1           1           1
#  Timestep    No_Moles    No_Specs          H2        H4O3       C10O5          O2
     196600           6           4           3           1           1           1
#  Timestep    No_Moles    No_Specs          H2        H4O3       C10O5          O2
     196700           6           4           3           1           1           1
#  Timestep    No_Moles    No_Specs          H2        H4O3       C10O5          O2
     196800           6           4           3           1           1           1
#  Timestep    No_Moles    No_Specs          H2        H4O3       C10O5          O2
     196900           6           4           3           1           1           1
#  Timestep    No_Moles    No_Specs          H2        H4O3       C10O5          O2
     197000           6           4           3           1           1           1
#  Timestep    No_Moles    No_Specs          H2        H4O3       C10O5          O2
     197100           6           4           3           1           1           1
#  Timestep    No_Moles    No_Specs          H2        H4O3       C10O5          O2
     197200           6           4           3           1           1           1
#  Timestep    No_Moles    No_Specs          H2        H4O3       C10O5          O2
     197300           6           4           3           1           1           1
#  Timestep    No_Moles    No_Specs          H2        H4O3       C10O5          O2
     197400           6           4           3           1           1           1
#  Timestep    No_Moles    No_Specs          H2        H4O3       C10O5          O2
     197500           6           4           3           1           1           1
#  Timestep    No_Moles    No_Specs          H2        H4O3       C10O5          O2
     197600           6           4           3           1           1           1
#  Timestep    No_Moles    No_Specs          H2        H4O3       C10O5          O2
     197700           6           4           3           1           1           1
#  Timestep    No_Moles    No_Specs          H2        H4O3       C10O5          O2
     197800           6           4           3           1           1           1
#  Timestep    No_Moles    No_Specs          H2        H4O3       C10O5          O2
     197900           6           4           3           1           1           1
#  Timestep    No_Moles    No_Specs          H2        H4O3       C10O5          O2
     198000           6           4           3           1           1           1
#  Timestep    No_Moles    No_Specs          H2        H4O3       C10O5          O2
     198100           6           4           3           1           1           1
#  Timestep    No_Moles    No_Specs          H2        H4O3       C10O5          O2
     198200           6           4           3           1           1           1
#  Timestep    No_Moles    No_Specs          H2        H4O3       C10O5          O2
     198300           6           4           3           1           1           1
#  Timestep    No_Moles    No_Specs          H2        H4O3       C10O5          O2
     198400           6           4           3           1           1           1
#  Timestep    No_Moles    No_Specs          H2        H4O3       C10O5          O2
     198500           6           4           3           1           1           1
#  Timestep    No_Moles    No_Specs          H2        H4O3       C10O5          O2
     198600           6           4           3           1           1           1
#  Timestep    No_Moles    No_Specs          H2        H4O3       C10O5          O2
     198700           6           4           3           1           1           1
#  Timestep    No_Moles    No_Specs          H2        H4O3       C10O5          O2
     198800           6           4           3           1           1           1
#  Timestep    No_Moles    No_Specs          H2        H4O3       C10O5          O2
     198900           6           4           3           1           1           1
#  Timestep    No_Moles    No_Specs          H2        H4O3       C10O5          O2
     199000           6           4           3           1           1           1
#  Timestep    No_Moles    No_Specs          H2        H4O3       C10O5          O2
     199100           6           4           3           1           1           1
#  Timestep    No_Moles    No_Specs          H2        H4O3       C10O5          O2
     199200           6           4           3           1           1           1
#  Timestep    No_Moles    No_Specs          H2        H4O3       C10O5          O2
     199300           6           4           3           1           1           1
#  Timestep    No_Moles    No_Specs          H2        H4O3       C10O5          O2
     199400           6           4           3           1           1           1
#  Timestep    No_Moles    No_Specs          H2        H4O3       C10O5          O2
     199500           6           4           3           1           1           1
#  Timestep    No_Moles    No_Specs          H2        H4O3       C10O5          O2
     199600           6           4           3           1           1           1
#  Timestep    No_Moles    No_Specs          H2        H4O3       C10O5          O2
     199700           6           4           3           1           1           1
#  Timestep    No_Moles    No_Specs          H2        H4O3       C10O5          O2
     199800           6           4           3           1           1           1
#  Timestep    No_Moles    No_Specs          H2        H4O3       C10O5          O2
     199900           6           4           3           1           1           1
#  Timestep    No_Moles    No_Specs          H2        H4O3       C10O5          O2
     200000           6           4           3           1           1           1
